date,amount,category,merchant,type
2025-01-01,-45.23,Groceries,Trader Joe's,debit
2025-01-01,-12.50,Dining,Starbucks,debit
2025-01-01,4250.00,Salary,Employer Direct Deposit,credit
2025-01-01,-89.99,Shopping,Amazon,debit
2025-01-02,-156.78,Groceries,Whole Foods,debit
2025-01-02,-34.50,Transportation,Shell Gas,debit
2025-01-02,-67.89,Dining,Olive Garden,debit
2025-01-03,-125.00,Utilities,Pacific Gas & Electric,debit
2025-01-03,-42.30,Entertainment,Netflix,debit
2025-01-03,875.00,Freelance,Client Payment,credit
2025-01-04,-78.45,Groceries,Costco,debit
2025-01-04,-29.99,Subscriptions,Adobe Creative,debit
2025-01-04,-55.00,Transportation,Uber,debit
2025-01-05,-1850.00,Rent,Property Management LLC,debit
2025-01-05,-234.56,Shopping,Best Buy,debit
2025-01-05,1200.00,Freelance,Upwork Transfer,credit
2025-01-06,-67.89,Groceries,Safeway,debit
2025-01-06,-45.00,Dining,Chipotle,debit
2025-01-06,-150.00,Insurance,State Farm,debit
2025-01-07,-89.12,Healthcare,CVS Pharmacy,debit
2025-01-07,-23.45,Entertainment,Spotify,debit
2025-01-07,350.00,Investment,Dividend Payment,credit
2025-01-08,-134.56,Groceries,Kroger,debit
2025-01-08,-78.90,Shopping,Target,debit
2025-01-08,-45.67,Dining,Panera Bread,debit
2025-01-09,-56.78,Transportation,BP Station,debit
2025-01-09,-167.89,Utilities,Comcast Internet,debit
2025-01-09,5100.00,Salary,Payroll Services Inc,credit
2025-01-10,-92.34,Groceries,Aldi,debit
2025-01-10,-34.56,Dining,Five Guys,debit
2025-01-10,-245.00,Healthcare,Kaiser Permanente,debit
2025-01-11,-78.12,Shopping,Walmart,debit
2025-01-11,-15.99,Subscriptions,Microsoft 365,debit
2025-01-11,125.00,Refund,Amazon Refund,credit
2025-01-12,-112.34,Groceries,Publix,debit
2025-01-12,-67.00,Transportation,Lyft,debit
2025-01-12,-38.45,Dining,Subway,debit
2025-01-13,-289.00,Insurance,Geico,debit
2025-01-13,-145.67,Shopping,Home Depot,debit
2025-01-13,780.00,Freelance,Consulting Fee,credit
2025-01-14,-98.76,Groceries,Trader Joe's,debit
2025-01-14,-56.34,Dining,Chick-fil-A,debit
2025-01-14,-78.90,Utilities,City Water,debit
2025-01-15,-167.23,Groceries,Whole Foods,debit
2025-01-15,4250.00,Salary,Employer Direct Deposit,credit
2025-01-15,-345.00,Shopping,Nordstrom,debit
2025-01-16,-45.89,Transportation,EV Charging Co,debit
2025-01-16,-23.45,Entertainment,AMC Theaters,debit
2025-01-16,-89.12,Dining,Olive Garden,debit
2025-01-17,-178.90,Healthcare,Walgreens,debit
2025-01-17,-56.78,Groceries,Costco,debit
2025-01-17,450.00,Investment,Capital Gains,credit
2025-01-18,-34.56,Subscriptions,Dropbox,debit
2025-01-18,-123.45,Shopping,IKEA,debit
2025-01-18,-67.89,Transportation,Metro Transit,debit
2025-01-19,-89.23,Groceries,Safeway,debit
2025-01-19,-45.67,Dining,Chipotle,debit
2025-01-19,-156.78,Utilities,AT&T Wireless,debit
2025-01-20,-234.56,Shopping,Amazon,debit
2025-01-20,-78.90,Groceries,Kroger,debit
2025-01-20,1500.00,Freelance,Contract Work,credit
2025-01-21,-56.34,Dining,Starbucks,debit
2025-01-21,-345.67,Insurance,Progressive,debit
2025-01-21,-23.45,Entertainment,Steam,debit
2025-01-22,-145.67,Groceries,Aldi,debit
2025-01-22,-89.12,Healthcare,Quest Diagnostics,debit
2025-01-22,-67.89,Transportation,Shell Gas,debit
2025-01-23,-98.45,Dining,Five Guys,debit
2025-01-23,-234.56,Shopping,Best Buy,debit
2025-01-23,5100.00,Salary,Payroll Services Inc,credit
2025-01-24,-112.34,Groceries,Publix,debit
2025-01-24,-45.67,Transportation,Uber,debit
2025-01-24,-189.00,Utilities,Verizon,debit
2025-01-25,-78.90,Dining,Panera Bread,debit
2025-01-25,-1850.00,Rent,Greenfield Apartments,debit
2025-01-25,200.00,Refund,Store Credit Return,credit
2025-01-26,-56.78,Groceries,Trader Joe's,debit
2025-01-26,-34.56,Entertainment,PlayStation Store,debit
2025-01-26,-167.89,Shopping,Target,debit
2025-01-27,-89.12,Healthcare,Anthem Insurance,debit
2025-01-27,-45.67,Dining,Subway,debit
2025-01-27,950.00,Investment,Bond Interest,credit
2025-01-28,-123.45,Groceries,Whole Foods,debit
2025-01-28,-78.90,Transportation,Lyft,debit
2025-01-28,-9.99,Subscriptions,NYT Digital,debit
2025-01-29,-156.78,Shopping,Walmart,debit
2025-01-29,-67.89,Dining,Chick-fil-A,debit
2025-01-29,-234.56,Utilities,Waste Management,debit
2025-01-30,-89.12,Groceries,Costco,debit
2025-01-30,-45.67,Transportation,Chevron,debit
2025-01-30,600.00,Freelance,Upwork Transfer,credit
2025-01-31,-134.56,Groceries,Safeway,debit
2025-01-31,-78.90,Shopping,Home Depot,debit
2025-01-31,-56.34,Dining,Olive Garden,debit
2025-02-01,-167.89,Insurance,Allstate,debit
2025-02-01,4250.00,Salary,Employer Direct Deposit,credit
2025-02-01,-89.12,Groceries,Kroger,debit
2025-02-02,-45.67,Dining,Chipotle,debit
2025-02-02,-123.45,Shopping,Amazon,debit
2025-02-02,-34.56,Entertainment,Netflix,debit
2025-02-03,-78.90,Groceries,Aldi,debit
2025-02-03,-56.78,Transportation,Shell Gas,debit
2025-02-03,-189.12,Healthcare,CVS Pharmacy,debit
2025-02-04,-112.34,Utilities,Pacific Gas & Electric,debit
2025-02-04,-67.89,Dining,Starbucks,debit
2025-02-04,1350.00,Freelance,Client Payment,credit
2025-02-05,-145.67,Groceries,Publix,debit
2025-02-05,-89.12,Shopping,Target,debit
2025-02-05,-1850.00,Rent,Urban Living Co,debit
2025-02-06,-56.78,Transportation,Uber,debit
2025-02-06,-23.45,Subscriptions,LinkedIn Premium,debit
2025-02-06,-78.90,Dining,Five Guys,debit
2025-02-07,-134.56,Groceries,Trader Joe's,debit
2025-02-07,275.00,Investment,REIT Distribution,credit
2025-02-07,-45.67,Entertainment,Ticketmaster,debit
2025-02-08,-89.12,Shopping,IKEA,debit
2025-02-08,-167.89,Healthcare,Walgreens,debit
2025-02-08,-56.78,Dining,Panera Bread,debit
2025-02-09,-78.90,Groceries,Whole Foods,debit
2025-02-09,-34.56,Transportation,BP Station,debit
2025-02-09,5100.00,Salary,Payroll Services Inc,credit
2025-02-10,-123.45,Groceries,Costco,debit
2025-02-10,-245.67,Shopping,Best Buy,debit
2025-02-10,-67.89,Utilities,Comcast Internet,debit
2025-02-11,-89.12,Dining,Olive Garden,debit
2025-02-11,-45.67,Transportation,EV Charging Co,debit
2025-02-11,-156.78,Insurance,Liberty Mutual,debit
2025-02-12,-78.90,Groceries,Safeway,debit
2025-02-12,425.00,Freelance,Consulting Fee,credit
2025-02-12,-34.56,Entertainment,Spotify,debit
2025-02-13,-112.34,Healthcare,Kaiser Permanente,debit
2025-02-13,-67.89,Dining,Subway,debit
2025-02-13,-189.45,Shopping,Nordstrom,debit
2025-02-14,-145.67,Groceries,Kroger,debit
2025-02-14,-56.78,Transportation,Metro Transit,debit
2025-02-14,-89.12,Utilities,City Water,debit
2025-02-15,-78.90,Dining,Chipotle,debit
2025-02-15,4250.00,Salary,Employer Direct Deposit,credit
2025-02-15,-234.56,Shopping,Amazon,debit
2025-02-16,-67.89,Groceries,Aldi,debit
2025-02-16,-12.99,Subscriptions,Adobe Creative,debit
2025-02-16,-45.67,Transportation,Lyft,debit
2025-02-17,-89.12,Dining,Chick-fil-A,debit
2025-02-17,-178.90,Shopping,Walmart,debit
2025-02-17,150.00,Refund,Insurance Reimbursement,credit
2025-02-18,-134.56,Groceries,Publix,debit
2025-02-18,-56.78,Entertainment,AMC Theaters,debit
2025-02-18,-78.90,Healthcare,Quest Diagnostics,debit
2025-02-19,-167.89,Utilities,AT&T Wireless,debit
2025-02-19,-45.67,Dining,Starbucks,debit
2025-02-19,-89.12,Transportation,Shell Gas,debit
2025-02-20,-123.45,Groceries,Trader Joe's,debit
2025-02-20,-345.67,Insurance,State Farm,debit
2025-02-20,890.00,Investment,Dividend Payment,credit
2025-02-21,-78.90,Shopping,Home Depot,debit
2025-02-21,-56.34,Dining,Five Guys,debit
2025-02-21,-112.34,Groceries,Whole Foods,debit
2025-02-22,-89.12,Transportation,Uber,debit
2025-02-22,-34.56,Subscriptions,Microsoft 365,debit
2025-02-22,-1850.00,Rent,Property Management LLC,debit
2025-02-23,-67.89,Dining,Panera Bread,debit
2025-02-23,5100.00,Salary,Payroll Services Inc,credit
2025-02-23,-145.67,Shopping,Target,debit
2025-02-24,-89.12,Groceries,Costco,debit
2025-02-24,-56.78,Healthcare,CVS Pharmacy,debit
2025-02-24,-78.90,Utilities,Verizon,debit
2025-02-25,-134.56,Groceries,Safeway,debit
2025-02-25,-45.67,Dining,Olive Garden,debit
2025-02-25,1800.00,Freelance,Contract Work,credit
2025-02-26,-89.12,Transportation,BP Station,debit
2025-02-26,-167.89,Shopping,IKEA,debit
2025-02-26,-23.45,Entertainment,Steam,debit
2025-02-27,-78.90,Groceries,Kroger,debit
2025-02-27,-56.78,Dining,Subway,debit
2025-02-27,-234.56,Healthcare,Anthem Insurance,debit
2025-02-28,-112.34,Groceries,Aldi,debit
2025-02-28,-45.67,Transportation,Chevron,debit
2025-02-28,-89.12,Utilities,Waste Management,debit
2025-03-01,4250.00,Salary,Employer Direct Deposit,credit
2025-03-01,-156.78,Groceries,Publix,debit
2025-03-01,-78.90,Shopping,Amazon,debit
2025-03-02,-67.89,Dining,Chipotle,debit
2025-03-02,-34.56,Entertainment,Netflix,debit
2025-03-02,-123.45,Groceries,Trader Joe's,debit
2025-03-03,-89.12,Insurance,Geico,debit
2025-03-03,-45.67,Transportation,Shell Gas,debit
2025-03-03,650.00,Freelance,Upwork Transfer,credit
2025-03-04,-178.90,Healthcare,Walgreens,debit
2025-03-04,-56.78,Dining,Starbucks,debit
2025-03-04,-134.56,Shopping,Best Buy,debit
2025-03-05,-89.12,Groceries,Whole Foods,debit
2025-03-05,-1850.00,Rent,Greenfield Apartments,debit
2025-03-05,-67.89,Utilities,Pacific Gas & Electric,debit
2025-03-06,-45.67,Transportation,Uber,debit
2025-03-06,-78.90,Dining,Five Guys,debit
2025-03-06,425.00,Investment,Capital Gains,credit
2025-03-07,-112.34,Groceries,Costco,debit
2025-03-07,-56.78,Shopping,Walmart,debit
2025-03-07,-23.45,Subscriptions,Dropbox,debit
2025-03-08,-89.12,Healthcare,Kaiser Permanente,debit
2025-03-08,-145.67,Groceries,Safeway,debit
2025-03-08,-34.56,Entertainment,Spotify,debit
2025-03-09,-78.90,Dining,Panera Bread,debit
2025-03-09,5100.00,Salary,Payroll Services Inc,credit
2025-03-09,-167.89,Shopping,Target,debit
2025-03-10,-56.78,Transportation,Lyft,debit
2025-03-10,-89.12,Groceries,Kroger,debit
2025-03-10,-234.56,Utilities,Comcast Internet,debit
2025-03-11,-45.67,Dining,Chick-fil-A,debit
2025-03-11,-78.90,Insurance,Progressive,debit
2025-03-11,-134.56,Shopping,Nordstrom,debit
2025-03-12,-112.34,Groceries,Aldi,debit
2025-03-12,1100.00,Freelance,Client Payment,credit
2025-03-12,-67.89,Transportation,EV Charging Co,debit
2025-03-13,-89.12,Dining,Olive Garden,debit
2025-03-13,-56.78,Healthcare,CVS Pharmacy,debit
2025-03-13,-178.90,Shopping,Home Depot,debit
2025-03-14,-123.45,Groceries,Publix,debit
2025-03-14,-45.67,Entertainment,AMC Theaters,debit
2025-03-14,-89.12,Utilities,City Water,debit
2025-03-15,4250.00,Salary,Employer Direct Deposit,credit
2025-03-15,-67.89,Dining,Subway,debit
2025-03-15,-156.78,Groceries,Trader Joe's,debit
2025-03-16,-78.90,Transportation,BP Station,debit
2025-03-16,-34.56,Subscriptions,NYT Digital,debit
2025-03-16,-245.67,Shopping,IKEA,debit
2025-03-17,-89.12,Groceries,Whole Foods,debit
2025-03-17,-112.34,Healthcare,Walgreens,debit
2025-03-17,300.00,Refund,Amazon Refund,credit
2025-03-18,-56.78,Dining,Chipotle,debit
2025-03-18,-145.67,Insurance,Allstate,debit
2025-03-18,-78.90,Transportation,Metro Transit,debit
2025-03-19,-134.56,Groceries,Costco,debit
2025-03-19,-89.12,Shopping,Amazon,debit
2025-03-19,-45.67,Utilities,AT&T Wireless,debit
2025-03-20,-67.89,Dining,Starbucks,debit
2025-03-20,-178.90,Shopping,Best Buy,debit
2025-03-20,750.00,Investment,Bond Interest,credit
2025-03-21,-89.12,Groceries,Safeway,debit
2025-03-21,-56.78,Transportation,Shell Gas,debit
2025-03-21,-23.45,Entertainment,PlayStation Store,debit
2025-03-22,-112.34,Groceries,Kroger,debit
2025-03-22,-1850.00,Rent,Urban Living Co,debit
2025-03-22,-78.90,Dining,Five Guys,debit
2025-03-23,5100.00,Salary,Payroll Services Inc,credit
2025-03-23,-145.67,Shopping,Target,debit
2025-03-23,-34.56,Healthcare,Quest Diagnostics,debit
2025-03-24,-89.12,Groceries,Aldi,debit
2025-03-24,-67.89,Dining,Panera Bread,debit
2025-03-24,-156.78,Utilities,Verizon,debit
2025-03-25,-78.90,Transportation,Uber,debit
2025-03-25,-234.56,Shopping,Walmart,debit
2025-03-25,1450.00,Freelance,Consulting Fee,credit
2025-03-26,-112.34,Groceries,Publix,debit
2025-03-26,-45.67,Entertainment,Ticketmaster,debit
2025-03-26,-89.12,Dining,Olive Garden,debit
2025-03-27,-56.78,Insurance,Liberty Mutual,debit
2025-03-27,-134.56,Shopping,Nordstrom,debit
2025-03-27,-78.90,Healthcare,Anthem Insurance,debit
2025-03-28,-167.89,Groceries,Trader Joe's,debit
2025-03-28,-45.67,Transportation,Lyft,debit
2025-03-28,-89.12,Utilities,Waste Management,debit
2025-03-29,-56.78,Dining,Chick-fil-A,debit
2025-03-29,-123.45,Groceries,Whole Foods,debit
2025-03-29,200.00,Refund,Store Credit Return,credit
2025-03-30,-78.90,Shopping,Home Depot,debit
2025-03-30,-34.56,Subscriptions,Adobe Creative,debit
2025-03-30,-89.12,Transportation,Chevron,debit
2025-03-31,-145.67,Groceries,Costco,debit
2025-03-31,-67.89,Dining,Subway,debit
2025-03-31,-189.12,Healthcare,CVS Pharmacy,debit
2025-04-01,4250.00,Salary,Employer Direct Deposit,credit
2025-04-01,-89.12,Groceries,Safeway,debit
2025-04-01,-56.78,Shopping,Amazon,debit
2025-04-02,-134.56,Utilities,Pacific Gas & Electric,debit
2025-04-02,-78.90,Dining,Chipotle,debit
2025-04-02,-45.67,Entertainment,Netflix,debit
2025-04-03,-112.34,Groceries,Kroger,debit
2025-04-03,-67.89,Transportation,Shell Gas,debit
2025-04-03,925.00,Freelance,Contract Work,credit
2025-04-04,-89.12,Insurance,State Farm,debit
2025-04-04,-178.90,Shopping,IKEA,debit
2025-04-04,-56.78,Dining,Starbucks,debit
2025-04-05,-1850.00,Rent,Property Management LLC,debit
2025-04-05,-123.45,Groceries,Aldi,debit
2025-04-05,-34.56,Healthcare,Walgreens,debit
2025-04-06,-78.90,Transportation,Uber,debit
2025-04-06,-145.67,Groceries,Publix,debit
2025-04-06,550.00,Investment,Dividend Payment,credit
2025-04-07,-89.12,Dining,Five Guys,debit
2025-04-07,-234.56,Shopping,Best Buy,debit
2025-04-07,-56.78,Utilities,Comcast Internet,debit
2025-04-08,-67.89,Groceries,Trader Joe's,debit
2025-04-08,-112.34,Healthcare,Kaiser Permanente,debit
2025-04-08,-23.45,Subscriptions,Microsoft 365,debit
2025-04-09,5100.00,Salary,Payroll Services Inc,credit
2025-04-09,-89.12,Dining,Panera Bread,debit
2025-04-09,-156.78,Shopping,Target,debit
2025-04-10,-78.90,Groceries,Whole Foods,debit
2025-04-10,-45.67,Transportation,BP Station,debit
2025-04-10,-134.56,Groceries,Costco,debit
2025-04-11,-89.12,Entertainment,Spotify,debit
2025-04-11,-67.89,Dining,Olive Garden,debit
2025-04-11,1250.00,Freelance,Upwork Transfer,credit
2025-04-12,-245.67,Insurance,Geico,debit
2025-04-12,-78.90,Shopping,Walmart,debit
2025-04-12,-56.78,Groceries,Safeway,debit
2025-04-13,-112.34,Transportation,EV Charging Co,debit
2025-04-13,-89.12,Dining,Chick-fil-A,debit
2025-04-13,-167.89,Utilities,City Water,debit
2025-04-14,-45.67,Healthcare,CVS Pharmacy,debit
2025-04-14,-134.56,Groceries,Kroger,debit
2025-04-14,175.00,Refund,Insurance Reimbursement,credit
2025-04-15,4250.00,Salary,Employer Direct Deposit,credit
2025-04-15,-78.90,Shopping,Nordstrom,debit
2025-04-15,-89.12,Dining,Subway,debit
2025-04-16,-56.78,Groceries,Aldi,debit
2025-04-16,-189.12,Shopping,Home Depot,debit
2025-04-16,-34.56,Entertainment,AMC Theaters,debit
2025-04-17,-112.34,Transportation,Metro Transit,debit
2025-04-17,-78.90,Groceries,Publix,debit
2025-04-17,-145.67,Healthcare,Walgreens,debit
2025-04-18,-67.89,Dining,Chipotle,debit
2025-04-18,-89.12,Utilities,AT&T Wireless,debit
2025-04-18,675.00,Investment,Capital Gains,credit
2025-04-19,-134.56,Groceries,Trader Joe's,debit
2025-04-19,-56.78,Transportation,Lyft,debit
2025-04-19,-234.56,Shopping,Amazon,debit
2025-04-20,-78.90,Dining,Starbucks,debit
2025-04-20,-45.67,Insurance,Progressive,debit
2025-04-20,-112.34,Groceries,Whole Foods,debit
2025-04-21,-89.12,Shopping,IKEA,debit
2025-04-21,-23.45,Subscriptions,Dropbox,debit
2025-04-21,-167.89,Healthcare,Quest Diagnostics,debit
2025-04-22,-56.78,Dining,Five Guys,debit
2025-04-22,-1850.00,Rent,Greenfield Apartments,debit
2025-04-22,-78.90,Groceries,Costco,debit
2025-04-23,5100.00,Salary,Payroll Services Inc,credit
2025-04-23,-134.56,Transportation,Shell Gas,debit
2025-04-23,-89.12,Shopping,Target,debit
2025-04-24,-45.67,Dining,Panera Bread,debit
2025-04-24,-112.34,Groceries,Safeway,debit
2025-04-24,-78.90,Utilities,Verizon,debit
2025-04-25,-67.89,Entertainment,Steam,debit
2025-04-25,-156.78,Shopping,Best Buy,debit
2025-04-25,1650.00,Freelance,Client Payment,credit
2025-04-26,-89.12,Groceries,Kroger,debit
2025-04-26,-45.67,Dining,Olive Garden,debit
2025-04-26,-234.56,Healthcare,Anthem Insurance,debit
2025-04-27,-78.90,Transportation,Uber,debit
2025-04-27,-134.56,Groceries,Aldi,debit
2025-04-27,-56.78,Utilities,Waste Management,debit
2025-04-28,-89.12,Insurance,Allstate,debit
2025-04-28,-112.34,Shopping,Walmart,debit
2025-04-28,-45.67,Dining,Chick-fil-A,debit
2025-04-29,-167.89,Groceries,Publix,debit
2025-04-29,-78.90,Transportation,Chevron,debit
2025-04-29,350.00,Investment,REIT Distribution,credit
2025-04-30,-56.78,Dining,Subway,debit
2025-04-30,-89.12,Shopping,Nordstrom,debit
2025-04-30,-9.99,Subscriptions,NYT Digital,debit
2025-05-01,4250.00,Salary,Employer Direct Deposit,credit
2025-05-01,-134.56,Groceries,Trader Joe's,debit
2025-05-01,-78.90,Dining,Chipotle,debit
2025-05-02,-112.34,Healthcare,CVS Pharmacy,debit
2025-05-02,-45.67,Transportation,Shell Gas,debit
2025-05-02,-189.12,Shopping,Amazon,debit
2025-05-03,-89.12,Groceries,Whole Foods,debit
2025-05-03,-56.78,Entertainment,Netflix,debit
2025-05-03,-145.67,Utilities,Pacific Gas & Electric,debit
2025-05-04,-78.90,Dining,Starbucks,debit
2025-05-04,-234.56,Insurance,Liberty Mutual,debit
2025-05-04,800.00,Freelance,Consulting Fee,credit
2025-05-05,-1850.00,Rent,Urban Living Co,debit
2025-05-05,-112.34,Groceries,Costco,debit
2025-05-05,-67.89,Shopping,Target,debit
2025-05-06,-89.12,Transportation,Uber,debit
2025-05-06,-45.67,Dining,Five Guys,debit
2025-05-06,-156.78,Healthcare,Walgreens,debit
2025-05-07,-78.90,Groceries,Safeway,debit
2025-05-07,5100.00,Salary,Payroll Services Inc,credit
2025-05-07,-134.56,Shopping,Home Depot,debit
2025-05-08,-56.78,Dining,Panera Bread,debit
2025-05-08,-89.12,Transportation,BP Station,debit
2025-05-08,-167.89,Utilities,Comcast Internet,debit
2025-05-09,-112.34,Groceries,Kroger,debit
2025-05-09,-78.90,Entertainment,Spotify,debit
2025-05-09,-45.67,Dining,Olive Garden,debit
2025-05-10,-134.56,Shopping,IKEA,debit
2025-05-10,-89.12,Insurance,State Farm,debit
2025-05-10,500.00,Investment,Dividend Payment,credit
2025-05-11,-56.78,Groceries,Aldi,debit
2025-05-11,-178.90,Healthcare,Kaiser Permanente,debit
2025-05-11,-34.56,Subscriptions,Adobe Creative,debit
2025-05-12,-89.12,Dining,Chick-fil-A,debit
2025-05-12,-145.67,Groceries,Publix,debit
2025-05-12,-67.89,Transportation,Lyft,debit
2025-05-13,-78.90,Shopping,Best Buy,debit
2025-05-13,-234.56,Utilities,City Water,debit
2025-05-13,1100.00,Freelance,Upwork Transfer,credit
2025-05-14,-112.34,Groceries,Trader Joe's,debit
2025-05-14,-56.78,Dining,Subway,debit
2025-05-14,-89.12,Healthcare,CVS Pharmacy,debit
2025-05-15,4250.00,Salary,Employer Direct Deposit,credit
2025-05-15,-134.56,Transportation,EV Charging Co,debit
2025-05-15,-78.90,Shopping,Walmart,debit
2025-05-16,-45.67,Dining,Chipotle,debit
2025-05-16,-89.12,Groceries,Whole Foods,debit
2025-05-16,-167.89,Insurance,Geico,debit
2025-05-17,-56.78,Entertainment,AMC Theaters,debit
2025-05-17,-112.34,Shopping,Nordstrom,debit
2025-05-17,-78.90,Groceries,Costco,debit
2025-05-18,-134.56,Healthcare,Walgreens,debit
2025-05-18,-45.67,Dining,Starbucks,debit
2025-05-18,250.00,Refund,Amazon Refund,credit
2025-05-19,-89.12,Transportation,Shell Gas,debit
2025-05-19,-156.78,Utilities,AT&T Wireless,debit
2025-05-19,-67.89,Groceries,Safeway,debit
2025-05-20,-78.90,Dining,Five Guys,debit
2025-05-20,-234.56,Shopping,Amazon,debit
2025-05-20,-112.34,Insurance,Progressive,debit
2025-05-21,5100.00,Salary,Payroll Services Inc,credit
2025-05-21,-89.12,Groceries,Kroger,debit
2025-05-21,-145.67,Healthcare,Quest Diagnostics,debit
2025-05-22,-56.78,Dining,Panera Bread,debit
2025-05-22,-1850.00,Rent,Property Management LLC,debit
2025-05-22,-78.90,Transportation,Metro Transit,debit
2025-05-23,-134.56,Groceries,Aldi,debit
2025-05-23,950.00,Investment,Bond Interest,credit
2025-05-23,-89.12,Shopping,Target,debit
2025-05-24,-67.89,Dining,Olive Garden,debit
2025-05-24,-45.67,Entertainment,PlayStation Store,debit
2025-05-24,-112.34,Groceries,Publix,debit
2025-05-25,-78.90,Transportation,Uber,debit
2025-05-25,-189.12,Utilities,Verizon,debit
2025-05-25,-56.78,Shopping,Home Depot,debit
2025-05-26,-89.12,Dining,Chick-fil-A,debit
2025-05-26,-134.56,Groceries,Trader Joe's,debit
2025-05-26,-23.45,Subscriptions,Microsoft 365,debit
2025-05-27,-78.90,Healthcare,Anthem Insurance,debit
2025-05-27,1350.00,Freelance,Contract Work,credit
2025-05-27,-167.89,Shopping,IKEA,debit
2025-05-28,-56.78,Dining,Subway,debit
2025-05-28,-112.34,Groceries,Whole Foods,debit
2025-05-28,-89.12,Transportation,Chevron,debit
2025-05-29,-45.67,Insurance,Allstate,debit
2025-05-29,-134.56,Utilities,Waste Management,debit
2025-05-29,-78.90,Groceries,Costco,debit
2025-05-30,-89.12,Dining,Chipotle,debit
2025-05-30,-56.78,Shopping,Walmart,debit
2025-05-30,-234.56,Healthcare,CVS Pharmacy,debit
2025-05-31,-112.34,Groceries,Safeway,debit
2025-05-31,-67.89,Transportation,Lyft,debit
2025-05-31,425.00,Investment,Capital Gains,credit
2025-06-01,4250.00,Salary,Employer Direct Deposit,credit
2025-06-01,-78.90,Groceries,Kroger,debit
2025-06-01,-145.67,Shopping,Best Buy,debit
2025-06-02,-89.12,Dining,Starbucks,debit
2025-06-02,-56.78,Entertainment,Netflix,debit
2025-06-02,-134.56,Groceries,Aldi,debit
2025-06-03,-112.34,Insurance,Liberty Mutual,debit
2025-06-03,-78.90,Transportation,Shell Gas,debit
2025-06-03,-45.67,Healthcare,Walgreens,debit
2025-06-04,-167.89,Utilities,Pacific Gas & Electric,debit
2025-06-04,-89.12,Dining,Five Guys,debit
2025-06-04,725.00,Freelance,Client Payment,credit
2025-06-05,-1850.00,Rent,Greenfield Apartments,debit
2025-06-05,-134.56,Groceries,Publix,debit
2025-06-05,-56.78,Shopping,Target,debit
2025-06-06,-78.90,Dining,Panera Bread,debit
2025-06-06,-89.12,Transportation,Uber,debit
2025-06-06,-112.34,Groceries,Trader Joe's,debit
2025-06-07,5100.00,Salary,Payroll Services Inc,credit
2025-06-07,-67.89,Shopping,Nordstrom,debit
2025-06-07,-45.67,Healthcare,Kaiser Permanente,debit
2025-06-08,-134.56,Groceries,Whole Foods,debit
2025-06-08,-23.45,Subscriptions,Dropbox,debit
2025-06-08,-189.12,Utilities,Comcast Internet,debit
2025-06-09,-89.12,Dining,Olive Garden,debit
2025-06-09,-78.90,Transportation,BP Station,debit
2025-06-09,-56.78,Entertainment,Spotify,debit
2025-06-10,-112.34,Insurance,State Farm,debit
2025-06-10,-234.56,Shopping,Amazon,debit
2025-06-10,300.00,Refund,Store Credit Return,credit
2025-06-11,-145.67,Groceries,Costco,debit
2025-06-11,-67.89,Dining,Chick-fil-A,debit
2025-06-11,-78.90,Healthcare,CVS Pharmacy,debit
2025-06-12,-89.12,Transportation,EV Charging Co,debit
2025-06-12,-134.56,Shopping,Home Depot,debit
2025-06-12,-56.78,Groceries,Safeway,debit
2025-06-13,-112.34,Dining,Subway,debit
2025-06-13,-167.89,Utilities,City Water,debit
2025-06-13,1200.00,Freelance,Consulting Fee,credit
2025-06-14,-78.90,Groceries,Kroger,debit
2025-06-14,-89.12,Insurance,Geico,debit
2025-06-14,-45.67,Shopping,IKEA,debit
2025-06-15,4250.00,Salary,Employer Direct Deposit,credit
2025-06-15,-134.56,Transportation,Metro Transit,debit
2025-06-15,-56.78,Dining,Chipotle,debit
2025-06-16,-112.34,Groceries,Aldi,debit
2025-06-16,-89.12,Healthcare,Walgreens,debit
2025-06-16,-78.90,Shopping,Walmart,debit
2025-06-17,-145.67,Dining,Starbucks,debit
2025-06-17,-67.89,Entertainment,AMC Theaters,debit
2025-06-17,675.00,Investment,REIT Distribution,credit
2025-06-18,-89.12,Groceries,Publix,debit
2025-06-18,-134.56,Transportation,Lyft,debit
2025-06-18,-234.56,Shopping,Best Buy,debit
2025-06-19,-78.90,Dining,Five Guys,debit
2025-06-19,-56.78,Utilities,AT&T Wireless,debit
2025-06-19,-112.34,Groceries,Trader Joe's,debit
2025-06-20,-89.12,Healthcare,Quest Diagnostics,debit
2025-06-20,-45.67,Subscriptions,LinkedIn Premium,debit
2025-06-20,-167.89,Shopping,Nordstrom,debit
2025-06-21,5100.00,Salary,Payroll Services Inc,credit
2025-06-21,-134.56,Groceries,Whole Foods,debit
2025-06-21,-78.90,Dining,Panera Bread,debit
2025-06-22,-1850.00,Rent,Urban Living Co,debit
2025-06-22,-89.12,Insurance,Progressive,debit
2025-06-22,-56.78,Transportation,Shell Gas,debit
2025-06-23,-112.34,Groceries,Costco,debit
2025-06-23,-45.67,Dining,Olive Garden,debit
2025-06-23,-78.90,Shopping,Target,debit
2025-06-24,-134.56,Utilities,Verizon,debit
2025-06-24,-89.12,Healthcare,Anthem Insurance,debit
2025-06-24,1500.00,Freelance,Upwork Transfer,credit
2025-06-25,-67.89,Transportation,Uber,debit
2025-06-25,-156.78,Groceries,Safeway,debit
2025-06-25,-234.56,Shopping,Amazon,debit
2025-06-26,-78.90,Dining,Chick-fil-A,debit
2025-06-26,-89.12,Entertainment,Steam,debit
2025-06-26,-112.34,Groceries,Kroger,debit
2025-06-27,-56.78,Transportation,BP Station,debit
2025-06-27,-145.67,Utilities,Waste Management,debit
2025-06-27,-34.56,Subscriptions,Adobe Creative,debit
2025-06-28,-89.12,Dining,Subway,debit
2025-06-28,-78.90,Shopping,Home Depot,debit
2025-06-28,-134.56,Healthcare,CVS Pharmacy,debit
2025-06-29,-112.34,Groceries,Aldi,debit
2025-06-29,-45.67,Insurance,Allstate,debit
2025-06-29,450.00,Investment,Dividend Payment,credit
2025-06-30,-67.89,Dining,Chipotle,debit
2025-06-30,-89.12,Transportation,Chevron,debit
2025-06-30,-156.78,Groceries,Publix,debit
2025-07-01,4250.00,Salary,Employer Direct Deposit,credit
2025-07-01,-78.90,Shopping,IKEA,debit
2025-07-01,-112.34,Groceries,Trader Joe's,debit
2025-07-02,-89.12,Dining,Starbucks,debit
2025-07-02,-134.56,Healthcare,Walgreens,debit
2025-07-02,-56.78,Entertainment,Netflix,debit
2025-07-03,-167.89,Utilities,Pacific Gas & Electric,debit
2025-07-03,-78.90,Transportation,Shell Gas,debit
2025-07-03,825.00,Freelance,Contract Work,credit
2025-07-04,-89.12,Groceries,Whole Foods,debit
2025-07-04,-234.56,Shopping,Best Buy,debit
2025-07-04,-45.67,Dining,Five Guys,debit
2025-07-05,-1850.00,Rent,Property Management LLC,debit
2025-07-05,-112.34,Insurance,Liberty Mutual,debit
2025-07-05,-134.56,Groceries,Costco,debit
2025-07-06,-56.78,Transportation,Uber,debit
2025-07-06,-78.90,Dining,Panera Bread,debit
2025-07-06,-89.12,Healthcare,Kaiser Permanente,debit
2025-07-07,5100.00,Salary,Payroll Services Inc,credit
2025-07-07,-145.67,Groceries,Safeway,debit
2025-07-07,-67.89,Shopping,Walmart,debit
2025-07-08,-112.34,Dining,Olive Garden,debit
2025-07-08,-89.12,Utilities,Comcast Internet,debit
2025-07-08,-23.45,Subscriptions,Microsoft 365,debit
2025-07-09,-78.90,Groceries,Kroger,debit
2025-07-09,-134.56,Transportation,Lyft,debit
2025-07-09,275.00,Refund,Insurance Reimbursement,credit
2025-07-10,-56.78,Dining,Chick-fil-A,debit
2025-07-10,-189.12,Shopping,Target,debit
2025-07-10,-89.12,Healthcare,CVS Pharmacy,debit
2025-07-11,-112.34,Groceries,Aldi,debit
2025-07-11,-67.89,Insurance,State Farm,debit
2025-07-11,-78.90,Entertainment,Spotify,debit
2025-07-12,-145.67,Dining,Subway,debit
2025-07-12,-234.56,Shopping,Nordstrom,debit
2025-07-12,1050.00,Investment,Bond Interest,credit
2025-07-13,-89.12,Groceries,Publix,debit
2025-07-13,-56.78,Transportation,EV Charging Co,debit
2025-07-13,-134.56,Utilities,City Water,debit
2025-07-14,-78.90,Dining,Chipotle,debit
2025-07-14,-112.34,Shopping,Amazon,debit
2025-07-14,-167.89,Healthcare,Walgreens,debit
2025-07-15,4250.00,Salary,Employer Direct Deposit,credit
2025-07-15,-89.12,Groceries,Trader Joe's,debit
2025-07-15,-45.67,Entertainment,AMC Theaters,debit
2025-07-16,-134.56,Transportation,BP Station,debit
2025-07-16,-78.90,Dining,Starbucks,debit
2025-07-16,-56.78,Shopping,Home Depot,debit
2025-07-17,-112.34,Insurance,Geico,debit
2025-07-17,1400.00,Freelance,Client Payment,credit
2025-07-17,-89.12,Groceries,Whole Foods,debit
2025-07-18,-145.67,Utilities,AT&T Wireless,debit
2025-07-18,-78.90,Dining,Five Guys,debit
2025-07-18,-67.89,Shopping,IKEA,debit
2025-07-19,-89.12,Groceries,Costco,debit
2025-07-19,-56.78,Transportation,Metro Transit,debit
2025-07-19,-134.56,Healthcare,Quest Diagnostics,debit
2025-07-20,-112.34,Dining,Panera Bread,debit
2025-07-20,-78.90,Shopping,Walmart,debit
2025-07-20,-34.56,Subscriptions,Dropbox,debit
2025-07-21,5100.00,Salary,Payroll Services Inc,credit
2025-07-21,-89.12,Groceries,Safeway,debit
2025-07-21,-234.56,Insurance,Progressive,debit
2025-07-22,-56.78,Dining,Olive Garden,debit
2025-07-22,-1850.00,Rent,Greenfield Apartments,debit
2025-07-22,-145.67,Shopping,Best Buy,debit
2025-07-23,-112.34,Groceries,Kroger,debit
2025-07-23,-78.90,Transportation,Shell Gas,debit
2025-07-23,-89.12,Utilities,Verizon,debit
2025-07-24,-67.89,Dining,Chick-fil-A,debit
2025-07-24,-134.56,Healthcare,Anthem Insurance,debit
2025-07-24,600.00,Investment,Capital Gains,credit
2025-07-25,-89.12,Groceries,Aldi,debit
2025-07-25,-156.78,Shopping,Nordstrom,debit
2025-07-25,-45.67,Entertainment,PlayStation Store,debit
2025-07-26,-78.90,Transportation,Uber,debit
2025-07-26,-112.34,Dining,Subway,debit
2025-07-26,-167.89,Utilities,Waste Management,debit
2025-07-27,-134.56,Groceries,Publix,debit
2025-07-27,-89.12,Insurance,Allstate,debit
2025-07-27,200.00,Refund,Amazon Refund,credit
2025-07-28,-56.78,Shopping,Target,debit
2025-07-28,-78.90,Dining,Chipotle,debit
2025-07-28,-112.34,Healthcare,CVS Pharmacy,debit
2025-07-29,-89.12,Groceries,Trader Joe's,debit
2025-07-29,-145.67,Transportation,Lyft,debit
2025-07-29,-234.56,Shopping,Amazon,debit
2025-07-30,-67.89,Dining,Starbucks,debit
2025-07-30,-78.90,Entertainment,Ticketmaster,debit
2025-07-30,1750.00,Freelance,Consulting Fee,credit
2025-07-31,-112.34,Groceries,Whole Foods,debit
2025-07-31,-89.12,Utilities,Pacific Gas & Electric,debit
2025-07-31,-9.99,Subscriptions,NYT Digital,debit
2025-08-01,4250.00,Salary,Employer Direct Deposit,credit
2025-08-01,-134.56,Groceries,Costco,debit
2025-08-01,-56.78,Dining,Five Guys,debit
2025-08-02,-78.90,Transportation,Shell Gas,debit
2025-08-02,-189.12,Shopping,Home Depot,debit
2025-08-02,-89.12,Healthcare,Walgreens,debit
2025-08-03,-112.34,Insurance,Liberty Mutual,debit
2025-08-03,-145.67,Groceries,Safeway,debit
2025-08-03,-67.89,Dining,Panera Bread,debit
2025-08-04,-89.12,Utilities,Comcast Internet,debit
2025-08-04,-56.78,Shopping,IKEA,debit
2025-08-04,425.00,Investment,REIT Distribution,credit
2025-08-05,-1850.00,Rent,Urban Living Co,debit
2025-08-05,-134.56,Groceries,Kroger,debit
2025-08-05,-78.90,Transportation,Uber,debit
2025-08-06,-112.34,Dining,Olive Garden,debit
2025-08-06,-89.12,Healthcare,Kaiser Permanente,debit
2025-08-06,-234.56,Shopping,Best Buy,debit
2025-08-07,5100.00,Salary,Payroll Services Inc,credit
2025-08-07,-45.67,Entertainment,Netflix,debit
2025-08-07,-78.90,Groceries,Aldi,debit
2025-08-08,-134.56,Insurance,State Farm,debit
2025-08-08,-56.78,Dining,Chick-fil-A,debit
2025-08-08,-167.89,Shopping,Walmart,debit
2025-08-09,-89.12,Groceries,Publix,debit
2025-08-09,-112.34,Utilities,City Water,debit
2025-08-09,1100.00,Freelance,Upwork Transfer,credit
2025-08-10,-78.90,Transportation,BP Station,debit
2025-08-10,-145.67,Dining,Subway,debit
2025-08-10,-67.89,Shopping,Target,debit
2025-08-11,-89.12,Healthcare,CVS Pharmacy,debit
2025-08-11,-134.56,Groceries,Trader Joe's,debit
2025-08-11,-23.45,Subscriptions,Adobe Creative,debit
2025-08-12,-56.78,Entertainment,Spotify,debit
2025-08-12,-112.34,Dining,Chipotle,debit
2025-08-12,-78.90,Insurance,Geico,debit
2025-08-13,-234.56,Shopping,Nordstrom,debit
2025-08-13,-89.12,Transportation,EV Charging Co,debit
2025-08-13,-145.67,Groceries,Whole Foods,debit
2025-08-14,-67.89,Dining,Starbucks,debit
2025-08-14,-178.90,Utilities,AT&T Wireless,debit
2025-08-14,325.00,Refund,Store Credit Return,credit
2025-08-15,4250.00,Salary,Employer Direct Deposit,credit
2025-08-15,-89.12,Groceries,Costco,debit
2025-08-15,-134.56,Healthcare,Walgreens,debit
2025-08-16,-56.78,Transportation,Metro Transit,debit
2025-08-16,-112.34,Shopping,Amazon,debit
2025-08-16,-78.90,Dining,Five Guys,debit
2025-08-17,-145.67,Groceries,Safeway,debit
2025-08-17,-89.12,Insurance,Progressive,debit
2025-08-17,750.00,Investment,Dividend Payment,credit
2025-08-18,-67.89,Dining,Panera Bread,debit
2025-08-18,-234.56,Shopping,Home Depot,debit
2025-08-18,-112.34,Utilities,Verizon,debit
2025-08-19,-78.90,Groceries,Kroger,debit
2025-08-19,-89.12,Healthcare,Quest Diagnostics,debit
2025-08-19,-156.78,Transportation,Lyft,debit
2025-08-20,-134.56,Dining,Olive Garden,debit
2025-08-20,-45.67,Entertainment,AMC Theaters,debit
2025-08-20,-89.12,Shopping,IKEA,debit
2025-08-21,5100.00,Salary,Payroll Services Inc,credit
2025-08-21,-78.90,Groceries,Aldi,debit
2025-08-21,-56.78,Dining,Chick-fil-A,debit
2025-08-22,-1850.00,Rent,Property Management LLC,debit
2025-08-22,-112.34,Insurance,Allstate,debit
2025-08-22,-167.89,Shopping,Best Buy,debit
2025-08-23,-89.12,Transportation,Shell Gas,debit
2025-08-23,-134.56,Groceries,Publix,debit
2025-08-23,1300.00,Freelance,Contract Work,credit
2025-08-24,-78.90,Dining,Subway,debit
2025-08-24,-234.56,Healthcare,Anthem Insurance,debit
2025-08-24,-56.78,Utilities,Waste Management,debit
2025-08-25,-112.34,Groceries,Trader Joe's,debit
2025-08-25,-89.12,Shopping,Walmart,debit
2025-08-25,-34.56,Subscriptions,Microsoft 365,debit
2025-08-26,-145.67,Dining,Chipotle,debit
2025-08-26,-78.90,Transportation,Uber,debit
2025-08-26,-67.89,Entertainment,Steam,debit
2025-08-27,-89.12,Insurance,Liberty Mutual,debit
2025-08-27,-134.56,Groceries,Whole Foods,debit
2025-08-27,550.00,Investment,Capital Gains,credit
2025-08-28,-56.78,Shopping,Target,debit
2025-08-28,-112.34,Dining,Starbucks,debit
2025-08-28,-78.90,Groceries,Costco,debit
2025-08-29,-145.67,Utilities,Pacific Gas & Electric,debit
2025-08-29,-89.12,Healthcare,CVS Pharmacy,debit
2025-08-29,-167.89,Transportation,Chevron,debit
2025-08-30,-134.56,Dining,Five Guys,debit
2025-08-30,-234.56,Shopping,Nordstrom,debit
2025-08-30,-56.78,Groceries,Safeway,debit
2025-08-31,-78.90,Insurance,State Farm,debit
2025-08-31,-89.12,Dining,Panera Bread,debit
2025-08-31,175.00,Refund,Insurance Reimbursement,credit
2025-09-01,4250.00,Salary,Employer Direct Deposit,credit
2025-09-01,-112.34,Groceries,Kroger,debit
2025-09-01,-145.67,Shopping,Amazon,debit
2025-09-02,-78.90,Dining,Olive Garden,debit
2025-09-02,-89.12,Transportation,Shell Gas,debit
2025-09-02,-56.78,Entertainment,Netflix,debit
2025-09-03,-134.56,Healthcare,Walgreens,debit
2025-09-03,-167.89,Utilities,Comcast Internet,debit
2025-09-03,900.00,Freelance,Client Payment,credit
2025-09-04,-78.90,Groceries,Aldi,debit
2025-09-04,-112.34,Insurance,Geico,debit
2025-09-04,-89.12,Shopping,Home Depot,debit
2025-09-05,-1850.00,Rent,Greenfield Apartments,debit
2025-09-05,-56.78,Dining,Chick-fil-A,debit
2025-09-05,-234.56,Groceries,Publix,debit
2025-09-06,-145.67,Transportation,Uber,debit
2025-09-06,-78.90,Shopping,IKEA,debit
2025-09-06,-89.12,Healthcare,Kaiser Permanente,debit
2025-09-07,5100.00,Salary,Payroll Services Inc,credit
2025-09-07,-67.89,Dining,Subway,debit
2025-09-07,-112.34,Groceries,Trader Joe's,debit
2025-09-08,-134.56,Utilities,City Water,debit
2025-09-08,-78.90,Entertainment,Spotify,debit
2025-09-08,-89.12,Shopping,Best Buy,debit
2025-09-09,-56.78,Transportation,Lyft,debit
2025-09-09,-145.67,Dining,Chipotle,debit
2025-09-09,-23.45,Subscriptions,Dropbox,debit
2025-09-10,-112.34,Groceries,Whole Foods,debit
2025-09-10,-89.12,Insurance,Progressive,debit
2025-09-10,675.00,Investment,Bond Interest,credit
2025-09-11,-78.90,Shopping,Walmart,debit
2025-09-11,-134.56,Healthcare,CVS Pharmacy,debit
2025-09-11,-67.89,Dining,Starbucks,debit
2025-09-12,-156.78,Transportation,BP Station,debit
2025-09-12,-89.12,Groceries,Costco,debit
2025-09-12,-234.56,Shopping,Nordstrom,debit
2025-09-13,-112.34,Utilities,AT&T Wireless,debit
2025-09-13,-78.90,Dining,Five Guys,debit
2025-09-13,1200.00,Freelance,Upwork Transfer,credit
2025-09-14,-89.12,Insurance,Allstate,debit
2025-09-14,-134.56,Groceries,Safeway,debit
2025-09-14,-45.67,Entertainment,AMC Theaters,debit
2025-09-15,4250.00,Salary,Employer Direct Deposit,credit
2025-09-15,-167.89,Healthcare,Walgreens,debit
2025-09-15,-78.90,Shopping,Target,debit
2025-09-16,-112.34,Dining,Panera Bread,debit
2025-09-16,-56.78,Groceries,Kroger,debit
2025-09-16,-89.12,Transportation,EV Charging Co,debit
2025-09-17,-134.56,Shopping,Amazon,debit
2025-09-17,-78.90,Utilities,Verizon,debit
2025-09-17,-145.67,Groceries,Aldi,debit
2025-09-18,-89.12,Dining,Olive Garden,debit
2025-09-18,-67.89,Healthcare,Quest Diagnostics,debit
2025-09-18,-9.99,Subscriptions,NYT Digital,debit
2025-09-19,-234.56,Insurance,Liberty Mutual,debit
2025-09-19,-78.90,Shopping,Home Depot,debit
2025-09-19,350.00,Refund,Amazon Refund,credit
2025-09-20,-112.34,Groceries,Publix,debit
2025-09-20,-56.78,Transportation,Metro Transit,debit
2025-09-20,-89.12,Dining,Chick-fil-A,debit
2025-09-21,5100.00,Salary,Payroll Services Inc,credit
2025-09-21,-134.56,Groceries,Trader Joe's,debit
2025-09-21,-78.90,Shopping,IKEA,debit
2025-09-22,-1850.00,Rent,Urban Living Co,debit
2025-09-22,-89.12,Entertainment,PlayStation Store,debit
2025-09-22,-145.67,Dining,Subway,debit
2025-09-23,-56.78,Healthcare,Anthem Insurance,debit
2025-09-23,-112.34,Transportation,Shell Gas,debit
2025-09-23,1550.00,Freelance,Consulting Fee,credit
2025-09-24,-78.90,Groceries,Whole Foods,debit
2025-09-24,-167.89,Utilities,Waste Management,debit
2025-09-24,-89.12,Shopping,Best Buy,debit
2025-09-25,-134.56,Dining,Chipotle,debit
2025-09-25,-45.67,Insurance,State Farm,debit
2025-09-25,-234.56,Groceries,Costco,debit
2025-09-26,-78.90,Transportation,Uber,debit
2025-09-26,-89.12,Shopping,Walmart,debit
2025-09-26,450.00,Investment,REIT Distribution,credit
2025-09-27,-56.78,Dining,Starbucks,debit
2025-09-27,-112.34,Healthcare,CVS Pharmacy,debit
2025-09-27,-134.56,Groceries,Safeway,debit
2025-09-28,-78.90,Entertainment,Ticketmaster,debit
2025-09-28,-145.67,Shopping,Nordstrom,debit
2025-09-28,-89.12,Transportation,Lyft,debit
2025-09-29,-67.89,Dining,Five Guys,debit
2025-09-29,-234.56,Utilities,Pacific Gas & Electric,debit
2025-09-29,-112.34,Insurance,Geico,debit
2025-09-30,-78.90,Groceries,Kroger,debit
2025-09-30,-89.12,Dining,Panera Bread,debit
2025-09-30,-34.56,Subscriptions,Adobe Creative,debit
2025-10-01,4250.00,Salary,Employer Direct Deposit,credit
2025-10-01,-134.56,Groceries,Aldi,debit
2025-10-01,-56.78,Shopping,Target,debit
2025-10-02,-89.12,Transportation,Shell Gas,debit
2025-10-02,-167.89,Healthcare,Walgreens,debit
2025-10-02,-78.90,Dining,Olive Garden,debit
2025-10-03,-112.34,Groceries,Publix,debit
2025-10-03,-145.67,Insurance,Progressive,debit
2025-10-03,825.00,Freelance,Contract Work,credit
2025-10-04,-89.12,Utilities,Comcast Internet,debit
2025-10-04,-56.78,Dining,Chick-fil-A,debit
2025-10-04,-234.56,Shopping,Amazon,debit
2025-10-05,-1850.00,Rent,Property Management LLC,debit
2025-10-05,-78.90,Groceries,Trader Joe's,debit
2025-10-05,-134.56,Healthcare,Kaiser Permanente,debit
2025-10-06,-67.89,Entertainment,Netflix,debit
2025-10-06,-89.12,Transportation,Uber,debit
2025-10-06,-112.34,Dining,Subway,debit
2025-10-07,5100.00,Salary,Payroll Services Inc,credit
2025-10-07,-145.67,Groceries,Whole Foods,debit
2025-10-07,-78.90,Shopping,Home Depot,debit
2025-10-08,-56.78,Dining,Chipotle,debit
2025-10-08,-89.12,Insurance,Allstate,debit
2025-10-08,-167.89,Utilities,City Water,debit
2025-10-09,-134.56,Transportation,BP Station,debit
2025-10-09,-112.34,Groceries,Costco,debit
2025-10-09,375.00,Investment,Dividend Payment,credit
2025-10-10,-78.90,Dining,Starbucks,debit
2025-10-10,-234.56,Shopping,IKEA,debit
2025-10-10,-89.12,Healthcare,CVS Pharmacy,debit
2025-10-11,-145.67,Groceries,Safeway,debit
2025-10-11,-56.78,Entertainment,Spotify,debit
2025-10-11,-23.45,Subscriptions,Microsoft 365,debit
2025-10-12,-112.34,Dining,Five Guys,debit
2025-10-12,-78.90,Transportation,EV Charging Co,debit
2025-10-12,-134.56,Shopping,Best Buy,debit
2025-10-13,-89.12,Insurance,Liberty Mutual,debit
2025-10-13,-167.89,Groceries,Kroger,debit
2025-10-13,1600.00,Freelance,Client Payment,credit
2025-10-14,-45.67,Dining,Panera Bread,debit
2025-10-14,-189.12,Utilities,AT&T Wireless,debit
2025-10-14,-78.90,Shopping,Walmart,debit
2025-10-15,4250.00,Salary,Employer Direct Deposit,credit
2025-10-15,-112.34,Groceries,Aldi,debit
2025-10-15,-134.56,Healthcare,Walgreens,debit
2025-10-16,-89.12,Transportation,Metro Transit,debit
2025-10-16,-56.78,Dining,Olive Garden,debit
2025-10-16,-234.56,Shopping,Nordstrom,debit
2025-10-17,-78.90,Groceries,Publix,debit
2025-10-17,-145.67,Insurance,State Farm,debit
2025-10-17,200.00,Refund,Store Credit Return,credit
2025-10-18,-89.12,Entertainment,AMC Theaters,debit
2025-10-18,-112.34,Dining,Chick-fil-A,debit
2025-10-18,-67.89,Transportation,Lyft,debit
2025-10-19,-134.56,Groceries,Trader Joe's,debit
2025-10-19,-78.90,Utilities,Verizon,debit
2025-10-19,-156.78,Shopping,Target,debit
2025-10-20,-89.12,Healthcare,Quest Diagnostics,debit
2025-10-20,-45.67,Dining,Subway,debit
2025-10-20,950.00,Investment,Capital Gains,credit
2025-10-21,5100.00,Salary,Payroll Services Inc,credit
2025-10-21,-112.34,Groceries,Whole Foods,debit
2025-10-21,-234.56,Shopping,Amazon,debit
2025-10-22,-1850.00,Rent,Greenfield Apartments,debit
2025-10-22,-78.90,Dining,Chipotle,debit
2025-10-22,-89.12,Insurance,Geico,debit
2025-10-23,-134.56,Transportation,Shell Gas,debit
2025-10-23,-145.67,Groceries,Costco,debit
2025-10-23,-56.78,Healthcare,Anthem Insurance,debit
2025-10-24,-89.12,Utilities,Waste Management,debit
2025-10-24,1250.00,Freelance,Upwork Transfer,credit
2025-10-24,-112.34,Dining,Starbucks,debit
2025-10-25,-78.90,Shopping,Home Depot,debit
2025-10-25,-167.89,Groceries,Safeway,debit
2025-10-25,-34.56,Subscriptions,Dropbox,debit
2025-10-26,-89.12,Entertainment,Steam,debit
2025-10-26,-134.56,Dining,Five Guys,debit
2025-10-26,-56.78,Transportation,Uber,debit
2025-10-27,-112.34,Groceries,Kroger,debit
2025-10-27,-78.90,Shopping,IKEA,debit
2025-10-27,-145.67,Healthcare,CVS Pharmacy,debit
2025-10-28,-89.12,Insurance,Progressive,debit
2025-10-28,-234.56,Dining,Panera Bread,debit
2025-10-28,-67.89,Utilities,Pacific Gas & Electric,debit
2025-10-29,-112.34,Groceries,Aldi,debit
2025-10-29,-78.90,Transportation,BP Station,debit
2025-10-29,550.00,Investment,Bond Interest,credit
2025-10-30,-134.56,Shopping,Walmart,debit
2025-10-30,-89.12,Dining,Olive Garden,debit
2025-10-30,-56.78,Healthcare,Walgreens,debit
2025-10-31,-145.67,Groceries,Publix,debit
2025-10-31,-78.90,Entertainment,PlayStation Store,debit
2025-10-31,-9.99,Subscriptions,NYT Digital,debit
2025-11-01,4250.00,Salary,Employer Direct Deposit,credit
2025-11-01,-112.34,Transportation,Shell Gas,debit
2025-11-01,-89.12,Groceries,Trader Joe's,debit
2025-11-02,-134.56,Dining,Chick-fil-A,debit
2025-11-02,-167.89,Shopping,Best Buy,debit
2025-11-02,-78.90,Insurance,Allstate,debit
2025-11-03,-56.78,Groceries,Whole Foods,debit
2025-11-03,-89.12,Utilities,Comcast Internet,debit
2025-11-03,725.00,Freelance,Consulting Fee,credit
2025-11-04,-112.34,Healthcare,Kaiser Permanente,debit
2025-11-04,-145.67,Dining,Subway,debit
2025-11-04,-234.56,Shopping,Nordstrom,debit
2025-11-05,-1850.00,Rent,Urban Living Co,debit
2025-11-05,-78.90,Groceries,Costco,debit
2025-11-05,-89.12,Transportation,Uber,debit
2025-11-06,-134.56,Insurance,Liberty Mutual,debit
2025-11-06,-56.78,Dining,Chipotle,debit
2025-11-06,-112.34,Shopping,Target,debit
2025-11-07,5100.00,Salary,Payroll Services Inc,credit
2025-11-07,-78.90,Groceries,Safeway,debit
2025-11-07,-145.67,Healthcare,CVS Pharmacy,debit
2025-11-08,-89.12,Entertainment,Netflix,debit
2025-11-08,-67.89,Transportation,Lyft,debit
2025-11-08,-134.56,Dining,Starbucks,debit
2025-11-09,-112.34,Groceries,Kroger,debit
2025-11-09,-234.56,Shopping,Amazon,debit
2025-11-09,350.00,Refund,Insurance Reimbursement,credit
2025-11-10,-78.90,Utilities,City Water,debit
2025-11-10,-89.12,Dining,Five Guys,debit
2025-11-10,-145.67,Insurance,State Farm,debit
2025-11-11,-56.78,Groceries,Aldi,debit
2025-11-11,-134.56,Healthcare,Walgreens,debit
2025-11-11,800.00,Investment,REIT Distribution,credit
2025-11-12,-112.34,Shopping,Home Depot,debit
2025-11-12,-78.90,Transportation,EV Charging Co,debit
2025-11-12,-167.89,Dining,Panera Bread,debit
2025-11-13,-89.12,Groceries,Publix,debit
2025-11-13,-234.56,Utilities,AT&T Wireless,debit
2025-11-13,-45.67,Entertainment,Spotify,debit
2025-11-14,-134.56,Shopping,IKEA,debit
2025-11-14,-56.78,Dining,Olive Garden,debit
2025-11-14,-112.34,Insurance,Geico,debit
2025-11-15,4250.00,Salary,Employer Direct Deposit,credit
2025-11-15,-78.90,Groceries,Trader Joe's,debit
2025-11-15,-89.12,Healthcare,Quest Diagnostics,debit
2025-11-16,-145.67,Transportation,BP Station,debit
2025-11-16,-67.89,Shopping,Walmart,debit
2025-11-16,-23.45,Subscriptions,Adobe Creative,debit
2025-11-17,-112.34,Dining,Chick-fil-A,debit
2025-11-17,-134.56,Groceries,Whole Foods,debit
2025-11-17,1400.00,Freelance,Contract Work,credit
2025-11-18,-89.12,Utilities,Verizon,debit
2025-11-18,-78.90,Shopping,Best Buy,debit
2025-11-18,-156.78,Healthcare,Anthem Insurance,debit
2025-11-19,-56.78,Transportation,Metro Transit,debit
2025-11-19,-234.56,Dining,Subway,debit
2025-11-19,-112.34,Insurance,Progressive,debit
2025-11-20,-134.56,Groceries,Costco,debit
2025-11-20,-89.12,Shopping,Nordstrom,debit
2025-11-20,-78.90,Entertainment,AMC Theaters,debit
2025-11-21,5100.00,Salary,Payroll Services Inc,credit
2025-11-21,-45.67,Dining,Chipotle,debit
2025-11-21,-167.89,Groceries,Safeway,debit
2025-11-22,-1850.00,Rent,Property Management LLC,debit
2025-11-22,-112.34,Transportation,Shell Gas,debit
2025-11-22,-89.12,Utilities,Waste Management,debit
2025-11-23,-78.90,Healthcare,CVS Pharmacy,debit
2025-11-23,-134.56,Shopping,Target,debit
2025-11-23,500.00,Investment,Dividend Payment,credit
2025-11-24,-89.12,Dining,Starbucks,debit
2025-11-24,-56.78,Groceries,Kroger,debit
2025-11-24,-145.67,Insurance,Allstate,debit
2025-11-25,-112.34,Transportation,Uber,debit
2025-11-25,-234.56,Shopping,Amazon,debit
2025-11-25,-78.90,Dining,Five Guys,debit
2025-11-26,-67.89,Entertainment,Ticketmaster,debit
2025-11-26,-134.56,Groceries,Aldi,debit
2025-11-26,-89.12,Healthcare,Walgreens,debit
2025-11-27,-56.78,Utilities,Pacific Gas & Electric,debit
2025-11-27,-112.34,Shopping,Home Depot,debit
2025-11-27,1100.00,Freelance,Client Payment,credit
2025-11-28,-78.90,Dining,Panera Bread,debit
2025-11-28,-145.67,Groceries,Publix,debit
2025-11-28,-89.12,Transportation,Lyft,debit
2025-11-29,-134.56,Insurance,Liberty Mutual,debit
2025-11-29,-34.56,Subscriptions,Microsoft 365,debit
2025-11-29,-167.89,Shopping,IKEA,debit
2025-11-30,-78.90,Dining,Olive Garden,debit
2025-11-30,-112.34,Groceries,Trader Joe's,debit
2025-11-30,-89.12,Utilities,Comcast Internet,debit
2025-12-01,4250.00,Salary,Employer Direct Deposit,credit
2025-12-01,-56.78,Healthcare,Kaiser Permanente,debit
2025-12-01,-134.56,Shopping,Best Buy,debit
2025-12-02,-89.12,Transportation,Shell Gas,debit
2025-12-02,-78.90,Dining,Chick-fil-A,debit
2025-12-02,-112.34,Groceries,Whole Foods,debit
2025-12-03,-145.67,Insurance,State Farm,debit
2025-12-03,-234.56,Shopping,Walmart,debit
2025-12-03,675.00,Investment,Capital Gains,credit
2025-12-04,-89.12,Utilities,City Water,debit
2025-12-04,-67.89,Dining,Subway,debit
2025-12-04,-134.56,Groceries,Costco,debit
2025-12-05,-1850.00,Rent,Greenfield Apartments,debit
2025-12-05,-78.90,Transportation,Uber,debit
2025-12-05,-112.34,Healthcare,CVS Pharmacy,debit
2025-12-06,-89.12,Entertainment,Netflix,debit
2025-12-06,-56.78,Shopping,Target,debit
2025-12-06,-145.67,Dining,Chipotle,debit
2025-12-07,5100.00,Salary,Payroll Services Inc,credit
2025-12-07,-134.56,Groceries,Safeway,debit
2025-12-07,-78.90,Insurance,Geico,debit
2025-12-08,-112.34,Transportation,BP Station,debit
2025-12-08,-89.12,Shopping,Nordstrom,debit
2025-12-08,-167.89,Utilities,AT&T Wireless,debit
2025-12-09,-234.56,Healthcare,Walgreens,debit
2025-12-09,-56.78,Dining,Starbucks,debit
2025-12-09,250.00,Refund,Amazon Refund,credit
2025-12-10,-134.56,Groceries,Kroger,debit
2025-12-10,-78.90,Entertainment,Spotify,debit
2025-12-10,-89.12,Shopping,Amazon,debit
2025-12-11,-112.34,Insurance,Progressive,debit
2025-12-11,-145.67,Dining,Five Guys,debit
2025-12-11,-23.45,Subscriptions,Dropbox,debit
2025-12-12,-67.89,Transportation,EV Charging Co,debit
2025-12-12,-234.56,Shopping,Home Depot,debit
2025-12-12,1500.00,Freelance,Upwork Transfer,credit
2025-12-13,-89.12,Groceries,Aldi,debit
2025-12-13,-78.90,Dining,Panera Bread,debit
2025-12-13,-134.56,Healthcare,Quest Diagnostics,debit
2025-12-14,-56.78,Utilities,Verizon,debit
2025-12-14,-112.34,Shopping,IKEA,debit
2025-12-14,-145.67,Insurance,Allstate,debit
2025-12-15,4250.00,Salary,Employer Direct Deposit,credit
2025-12-15,-89.12,Groceries,Publix,debit
2025-12-15,-78.90,Transportation,Metro Transit,debit
2025-12-16,-134.56,Dining,Olive Garden,debit
2025-12-16,-167.89,Shopping,Best Buy,debit
2025-12-16,-56.78,Healthcare,Anthem Insurance,debit
2025-12-17,-112.34,Groceries,Trader Joe's,debit
2025-12-17,-89.12,Entertainment,AMC Theaters,debit
2025-12-17,400.00,Investment,Bond Interest,credit
2025-12-18,-78.90,Transportation,Lyft,debit
2025-12-18,-234.56,Utilities,Waste Management,debit
2025-12-18,-134.56,Insurance,Liberty Mutual,debit
2025-12-19,-145.67,Dining,Chick-fil-A,debit
2025-12-19,-89.12,Groceries,Whole Foods,debit
2025-12-19,-56.78,Shopping,Walmart,debit
2025-12-20,-112.34,Healthcare,CVS Pharmacy,debit
2025-12-20,-78.90,Transportation,Shell Gas,debit
2025-12-20,-9.99,Subscriptions,NYT Digital,debit
2025-12-21,5100.00,Salary,Payroll Services Inc,credit
2025-12-21,-134.56,Groceries,Costco,debit
2025-12-21,-167.89,Shopping,Nordstrom,debit
2025-12-22,-1850.00,Rent,Urban Living Co,debit
2025-12-22,-89.12,Dining,Subway,debit
2025-12-22,-78.90,Insurance,State Farm,debit
2025-12-23,-112.34,Groceries,Safeway,debit
2025-12-23,-145.67,Healthcare,Walgreens,debit
2025-12-23,1850.00,Freelance,Consulting Fee,credit
2025-12-24,-56.78,Entertainment,PlayStation Store,debit
2025-12-24,-234.56,Shopping,Amazon,debit
2025-12-24,-89.12,Dining,Chipotle,debit
2025-12-25,-78.90,Groceries,Kroger,debit
2025-12-25,-134.56,Transportation,Uber,debit
2025-12-25,300.00,Refund,Store Credit Return,credit
2025-12-26,-112.34,Utilities,Pacific Gas & Electric,debit
2025-12-26,-89.12,Shopping,Target,debit
2025-12-26,-145.67,Insurance,Geico,debit
2025-12-27,-67.89,Dining,Starbucks,debit
2025-12-27,-78.90,Healthcare,Kaiser Permanente,debit
2025-12-27,-134.56,Groceries,Aldi,debit
2025-12-28,-56.78,Transportation,Chevron,debit
2025-12-28,-234.56,Shopping,Home Depot,debit
2025-12-28,750.00,Investment,REIT Distribution,credit
2025-12-29,-89.12,Dining,Five Guys,debit
2025-12-29,-112.34,Groceries,Publix,debit
2025-12-29,-78.90,Entertainment,Ticketmaster,debit
2025-12-30,-145.67,Utilities,Comcast Internet,debit
2025-12-30,-134.56,Insurance,Progressive,debit
2025-12-30,-89.12,Healthcare,CVS Pharmacy,debit
2025-12-31,-56.78,Dining,Panera Bread,debit
2025-12-31,-167.89,Shopping,IKEA,debit
2025-12-31,-34.56,Subscriptions,Adobe Creative,debit
2025-01-02,-98.34,Groceries,Costco,debit
2025-01-02,-45.12,Dining,Subway,debit
2025-01-03,-167.45,Shopping,Nordstrom,debit
2025-01-03,2100.00,Freelance,Client Payment,credit
2025-01-04,-78.23,Transportation,Uber,debit
2025-01-04,-134.67,Healthcare,Walgreens,debit
2025-01-05,-56.89,Entertainment,Spotify,debit
2025-01-05,-189.34,Utilities,Pacific Gas & Electric,debit
2025-01-06,-112.56,Groceries,Safeway,debit
2025-01-06,-67.45,Dining,Chipotle,debit
2025-01-07,-234.78,Insurance,State Farm,debit
2025-01-07,825.00,Investment,Dividend Payment,credit
2025-01-08,-89.34,Shopping,Amazon,debit
2025-01-08,-45.67,Transportation,Shell Gas,debit
2025-01-09,-156.23,Groceries,Whole Foods,debit
2025-01-09,-78.12,Dining,Five Guys,debit
2025-01-10,-112.45,Healthcare,Kaiser Permanente,debit
2025-01-10,-34.89,Subscriptions,Dropbox,debit
2025-01-11,-89.67,Shopping,Target,debit
2025-01-11,-145.23,Utilities,Comcast Internet,debit
2025-01-12,-67.34,Dining,Starbucks,debit
2025-01-12,4750.00,Salary,Employer Direct Deposit,credit
2025-01-13,-178.56,Groceries,Kroger,debit
2025-01-13,-56.78,Transportation,Lyft,debit
2025-01-14,-234.12,Shopping,Best Buy,debit
2025-01-14,-89.45,Insurance,Geico,debit
2025-01-15,-112.34,Healthcare,CVS Pharmacy,debit
2025-01-15,-45.67,Entertainment,AMC Theaters,debit
2025-01-16,-167.89,Groceries,Aldi,debit
2025-01-16,1350.00,Freelance,Consulting Fee,credit
2025-01-17,-78.23,Dining,Olive Garden,debit
2025-01-17,-134.56,Utilities,City Water,debit
2025-01-18,-89.12,Shopping,Walmart,debit
2025-01-18,-56.34,Transportation,EV Charging Co,debit
2025-01-19,-145.78,Groceries,Publix,debit
2025-01-19,-23.45,Subscriptions,NYT Digital,debit
2025-01-20,-67.89,Dining,Chick-fil-A,debit
2025-01-20,-178.34,Healthcare,Quest Diagnostics,debit
2025-02-01,-112.56,Groceries,Trader Joe's,debit
2025-02-01,-89.34,Shopping,Home Depot,debit
2025-02-02,-56.78,Dining,Subway,debit
2025-02-02,5200.00,Salary,Payroll Services Inc,credit
2025-02-03,-134.12,Insurance,Progressive,debit
2025-02-03,-78.45,Transportation,BP Station,debit
2025-02-04,-167.89,Groceries,Costco,debit
2025-02-04,-45.23,Entertainment,Netflix,debit
2025-02-05,-89.56,Dining,Panera Bread,debit
2025-02-05,-234.78,Shopping,IKEA,debit
2025-02-06,-112.34,Healthcare,Walgreens,debit
2025-02-06,650.00,Investment,Capital Gains,credit
2025-02-07,-56.89,Groceries,Safeway,debit
2025-02-07,-145.23,Utilities,AT&T Wireless,debit
2025-02-08,-78.45,Transportation,Metro Transit,debit
2025-02-08,-89.67,Dining,Chipotle,debit
2025-02-09,-134.56,Shopping,Nordstrom,debit
2025-02-09,-67.12,Insurance,Allstate,debit
2025-02-10,-112.78,Groceries,Whole Foods,debit
2025-02-10,-23.45,Subscriptions,Adobe Creative,debit
2025-02-11,-89.34,Healthcare,Kaiser Permanente,debit
2025-02-11,1800.00,Freelance,Upwork Transfer,credit
2025-02-12,-56.78,Dining,Starbucks,debit
2025-02-12,-178.45,Shopping,Amazon,debit
2025-02-13,-134.23,Groceries,Kroger,debit
2025-02-13,-45.67,Transportation,Shell Gas,debit
2025-02-14,-89.12,Utilities,Verizon,debit
2025-02-14,-167.34,Insurance,Liberty Mutual,debit
2025-02-15,4750.00,Salary,Employer Direct Deposit,credit
2025-02-15,-78.56,Dining,Five Guys,debit
2025-02-16,-112.89,Groceries,Aldi,debit
2025-02-16,-234.56,Shopping,Best Buy,debit
2025-02-17,-56.23,Entertainment,Steam,debit
2025-02-17,-145.67,Healthcare,CVS Pharmacy,debit
2025-02-18,-89.34,Transportation,Uber,debit
2025-02-18,-67.78,Dining,Olive Garden,debit
2025-02-19,-134.12,Groceries,Publix,debit
2025-02-19,375.00,Refund,Insurance Reimbursement,credit
2025-02-20,-78.45,Utilities,Waste Management,debit
2025-02-20,-112.56,Shopping,Target,debit
2025-03-01,-89.23,Groceries,Trader Joe's,debit
2025-03-01,-56.78,Dining,Subway,debit
2025-03-02,-167.34,Insurance,State Farm,debit
2025-03-02,5200.00,Salary,Payroll Services Inc,credit
2025-03-03,-134.56,Shopping,Walmart,debit
2025-03-03,-78.12,Transportation,Lyft,debit
2025-03-04,-112.45,Groceries,Costco,debit
2025-03-04,-89.67,Healthcare,Walgreens,debit
2025-03-05,-45.34,Dining,Chipotle,debit
2025-03-05,-234.56,Utilities,Pacific Gas & Electric,debit
2025-03-06,-67.89,Entertainment,Spotify,debit
2025-03-06,1100.00,Freelance,Contract Work,credit
2025-03-07,-156.23,Groceries,Whole Foods,debit
2025-03-07,-89.12,Shopping,Home Depot,debit
2025-03-08,-78.45,Dining,Starbucks,debit
2025-03-08,-134.56,Insurance,Geico,debit
2025-03-09,-112.34,Healthcare,Quest Diagnostics,debit
2025-03-09,-56.78,Transportation,Chevron,debit
2025-03-10,-145.67,Groceries,Safeway,debit
2025-03-10,450.00,Investment,Bond Interest,credit
2025-03-11,-89.23,Dining,Panera Bread,debit
2025-03-11,-167.89,Shopping,IKEA,debit
2025-03-12,-78.12,Utilities,City Water,debit
2025-03-12,-234.56,Insurance,Progressive,debit
2025-03-13,-56.45,Groceries,Kroger,debit
2025-03-13,-112.78,Healthcare,Anthem Insurance,debit
2025-03-14,-89.34,Dining,Five Guys,debit
2025-03-14,-34.56,Subscriptions,Microsoft 365,debit
2025-03-15,4750.00,Salary,Employer Direct Deposit,credit
2025-03-15,-145.23,Shopping,Nordstrom,debit
2025-03-16,-67.89,Transportation,EV Charging Co,debit
2025-03-16,-78.45,Groceries,Aldi,debit
2025-03-17,-134.12,Dining,Olive Garden,debit
2025-03-17,-89.56,Entertainment,AMC Theaters,debit
2025-03-18,-112.34,Shopping,Amazon,debit
2025-03-18,-56.78,Healthcare,CVS Pharmacy,debit
2025-03-19,-167.45,Groceries,Publix,debit
2025-03-19,275.00,Refund,Store Credit Return,credit
2025-03-20,-89.12,Transportation,Uber,debit
2025-03-20,-78.34,Utilities,AT&T Wireless,debit
2025-04-01,-134.56,Groceries,Trader Joe's,debit
2025-04-01,-56.78,Dining,Chick-fil-A,debit
2025-04-02,5200.00,Salary,Payroll Services Inc,credit
2025-04-02,-89.23,Shopping,Target,debit
2025-04-03,-167.45,Insurance,Allstate,debit
2025-04-03,-78.12,Transportation,Shell Gas,debit
2025-04-04,-112.34,Groceries,Whole Foods,debit
2025-04-04,-234.56,Healthcare,Walgreens,debit
2025-04-05,-45.67,Dining,Subway,debit
2025-04-05,-89.12,Utilities,Comcast Internet,debit
2025-04-06,-134.78,Shopping,Best Buy,debit
2025-04-06,950.00,Freelance,Client Payment,credit
2025-04-07,-56.23,Entertainment,Netflix,debit
2025-04-07,-167.89,Groceries,Costco,debit
2025-04-08,-78.45,Dining,Chipotle,debit
2025-04-08,-112.34,Insurance,Liberty Mutual,debit
2025-04-09,-89.56,Transportation,Lyft,debit
2025-04-09,-145.67,Healthcare,Kaiser Permanente,debit
2025-04-10,-34.12,Subscriptions,LinkedIn Premium,debit
2025-04-10,-234.56,Shopping,Walmart,debit
2025-04-11,-67.89,Groceries,Safeway,debit
2025-04-11,725.00,Investment,REIT Distribution,credit
2025-04-12,-89.12,Dining,Starbucks,debit
2025-04-12,-156.78,Utilities,Verizon,debit
2025-04-13,-112.34,Shopping,Home Depot,debit
2025-04-13,-78.45,Groceries,Kroger,debit
2025-04-14,-134.56,Insurance,State Farm,debit
2025-04-14,-45.67,Entertainment,Ticketmaster,debit
2025-04-15,4750.00,Salary,Employer Direct Deposit,credit
2025-04-15,-89.12,Dining,Panera Bread,debit
2025-04-16,-167.34,Healthcare,CVS Pharmacy,debit
2025-04-16,-56.78,Groceries,Aldi,debit
2025-04-17,-234.12,Shopping,IKEA,debit
2025-04-17,-78.90,Transportation,BP Station,debit
2025-04-18,-112.45,Dining,Five Guys,debit
2025-04-18,-89.23,Groceries,Publix,debit
2025-04-19,-145.67,Utilities,Waste Management,debit
2025-04-19,1500.00,Freelance,Upwork Transfer,credit
2025-04-20,-67.89,Healthcare,Walgreens,debit
2025-04-20,-134.56,Shopping,Nordstrom,debit
2025-05-01,-89.12,Groceries,Trader Joe's,debit
2025-05-01,5200.00,Salary,Payroll Services Inc,credit
2025-05-02,-112.34,Dining,Olive Garden,debit
2025-05-02,-78.45,Insurance,Geico,debit
2025-05-03,-167.89,Shopping,Amazon,debit
2025-05-03,-56.78,Transportation,Uber,debit
2025-05-04,-134.12,Groceries,Whole Foods,debit
2025-05-04,-45.23,Entertainment,PlayStation Store,debit
2025-05-05,-89.67,Healthcare,Kaiser Permanente,debit
2025-05-05,-234.56,Utilities,Pacific Gas & Electric,debit
2025-05-06,-78.12,Dining,Chick-fil-A,debit
2025-05-06,1250.00,Freelance,Consulting Fee,credit
2025-05-07,-145.34,Groceries,Costco,debit
2025-05-07,-56.89,Shopping,Target,debit
2025-05-08,-112.45,Transportation,Shell Gas,debit
2025-05-08,-89.23,Insurance,Progressive,debit
2025-05-09,-167.78,Healthcare,CVS Pharmacy,debit
2025-05-09,-34.56,Subscriptions,Dropbox,debit
2025-05-10,-78.12,Dining,Subway,debit
2025-05-10,400.00,Investment,Dividend Payment,credit
2025-05-11,-134.56,Groceries,Safeway,debit
2025-05-11,-89.34,Shopping,Best Buy,debit
2025-05-12,-56.78,Entertainment,Steam,debit
2025-05-12,-112.23,Utilities,City Water,debit
2025-05-13,-145.67,Insurance,Allstate,debit
2025-05-13,-78.90,Groceries,Kroger,debit
2025-05-14,-89.12,Dining,Starbucks,debit
2025-05-14,-234.56,Shopping,Walmart,debit
2025-05-15,4750.00,Salary,Employer Direct Deposit,credit
2025-05-15,-67.34,Healthcare,Walgreens,debit
2025-05-16,-134.78,Groceries,Aldi,debit
2025-05-16,-56.12,Transportation,Lyft,debit
2025-05-17,-112.45,Dining,Chipotle,debit
2025-05-17,-89.67,Shopping,Home Depot,debit
2025-05-18,-167.23,Insurance,Liberty Mutual,debit
2025-05-18,-78.45,Utilities,AT&T Wireless,debit
2025-05-19,-134.56,Groceries,Publix,debit
2025-05-19,325.00,Refund,Amazon Refund,credit
2025-05-20,-89.12,Healthcare,Quest Diagnostics,debit
2025-05-20,-45.67,Entertainment,AMC Theaters,debit
2025-06-01,-112.34,Groceries,Trader Joe's,debit
2025-06-01,-78.90,Dining,Five Guys,debit
2025-06-02,5200.00,Salary,Payroll Services Inc,credit
2025-06-02,-134.56,Shopping,IKEA,debit
2025-06-03,-89.23,Transportation,EV Charging Co,debit
2025-06-03,-167.45,Insurance,State Farm,debit
2025-06-04,-56.78,Groceries,Whole Foods,debit
2025-06-04,-234.56,Healthcare,Kaiser Permanente,debit
2025-06-05,-78.12,Dining,Panera Bread,debit
2025-06-05,-112.34,Utilities,Comcast Internet,debit
2025-06-06,-145.67,Shopping,Nordstrom,debit
2025-06-06,1650.00,Freelance,Contract Work,credit
2025-06-07,-89.34,Groceries,Costco,debit
2025-06-07,-56.78,Entertainment,Spotify,debit
2025-06-08,-134.12,Dining,Olive Garden,debit
2025-06-08,-78.45,Insurance,Geico,debit
2025-06-09,-112.56,Healthcare,CVS Pharmacy,debit
2025-06-09,-89.23,Transportation,Metro Transit,debit
2025-06-10,-167.89,Groceries,Safeway,debit
2025-06-10,550.00,Investment,Capital Gains,credit
2025-06-11,-45.34,Subscriptions,Adobe Creative,debit
2025-06-11,-234.56,Shopping,Amazon,debit
2025-06-12,-78.12,Dining,Chick-fil-A,debit
2025-06-12,-134.67,Utilities,Verizon,debit
2025-06-13,-89.45,Groceries,Kroger,debit
2025-06-13,-56.78,Healthcare,Walgreens,debit
2025-06-14,-112.34,Transportation,Shell Gas,debit
2025-06-14,-167.89,Insurance,Progressive,debit
2025-06-15,4750.00,Salary,Employer Direct Deposit,credit
2025-06-15,-78.23,Dining,Subway,debit
2025-06-16,-134.56,Shopping,Target,debit
2025-06-16,-89.12,Groceries,Aldi,debit
2025-06-17,-45.67,Entertainment,Ticketmaster,debit
2025-06-17,-178.34,Healthcare,Anthem Insurance,debit
2025-06-18,-112.56,Dining,Starbucks,debit
2025-06-18,-56.78,Utilities,Waste Management,debit
2025-06-19,-234.12,Shopping,Best Buy,debit
2025-06-19,900.00,Freelance,Upwork Transfer,credit
2025-06-20,-89.45,Groceries,Publix,debit
2025-06-20,-145.67,Insurance,Allstate,debit
2025-07-01,-78.12,Groceries,Trader Joe's,debit
2025-07-01,5200.00,Salary,Payroll Services Inc,credit
2025-07-02,-112.34,Dining,Chipotle,debit
2025-07-02,-134.56,Shopping,Walmart,debit
2025-07-03,-89.23,Transportation,Uber,debit
2025-07-03,-167.45,Healthcare,CVS Pharmacy,debit
2025-07-04,-56.78,Groceries,Costco,debit
2025-07-04,-234.56,Insurance,Liberty Mutual,debit
2025-07-05,-78.90,Dining,Five Guys,debit
2025-07-05,-112.34,Utilities,Pacific Gas & Electric,debit
2025-07-06,-145.67,Shopping,Home Depot,debit
2025-07-06,1100.00,Freelance,Client Payment,credit
2025-07-07,-89.12,Entertainment,Netflix,debit
2025-07-07,-67.45,Groceries,Whole Foods,debit
2025-07-08,-134.78,Dining,Panera Bread,debit
2025-07-08,-56.23,Insurance,State Farm,debit
2025-07-09,-112.45,Healthcare,Walgreens,debit
2025-07-09,-89.67,Transportation,Lyft,debit
2025-07-10,-178.34,Groceries,Safeway,debit
2025-07-10,750.00,Investment,Bond Interest,credit
2025-07-11,-45.12,Subscriptions,Microsoft 365,debit
2025-07-11,-234.56,Shopping,IKEA,debit
2025-07-12,-78.90,Dining,Olive Garden,debit
2025-07-12,-134.23,Utilities,City Water,debit
2025-07-13,-89.56,Groceries,Kroger,debit
2025-07-13,-112.34,Healthcare,Kaiser Permanente,debit
2025-07-14,-56.78,Entertainment,Spotify,debit
2025-07-14,-167.89,Insurance,Geico,debit
2025-07-15,4750.00,Salary,Employer Direct Deposit,credit
2025-07-15,-134.56,Shopping,Nordstrom,debit
2025-07-16,-78.23,Dining,Chick-fil-A,debit
2025-07-16,-89.12,Groceries,Aldi,debit
2025-07-17,-112.67,Transportation,Shell Gas,debit
2025-07-17,-234.56,Healthcare,Quest Diagnostics,debit
2025-07-18,-56.34,Dining,Subway,debit
2025-07-18,-145.78,Utilities,AT&T Wireless,debit
2025-07-19,-89.12,Shopping,Target,debit
2025-07-19,200.00,Refund,Store Credit Return,credit
2025-07-20,-134.45,Groceries,Publix,debit
2025-07-20,-78.90,Insurance,Progressive,debit
2025-08-01,-112.34,Groceries,Trader Joe's,debit
2025-08-01,5200.00,Salary,Payroll Services Inc,credit
2025-08-02,-89.56,Dining,Starbucks,debit
2025-08-02,-167.23,Shopping,Amazon,debit
2025-08-03,-78.12,Transportation,BP Station,debit
2025-08-03,-134.45,Insurance,Allstate,debit
2025-08-04,-56.78,Groceries,Whole Foods,debit
2025-08-04,-234.56,Healthcare,CVS Pharmacy,debit
2025-08-05,-89.34,Dining,Chipotle,debit
2025-08-05,-112.67,Utilities,Verizon,debit
2025-08-06,-145.23,Shopping,Best Buy,debit
2025-08-06,1400.00,Freelance,Consulting Fee,credit
2025-08-07,-67.89,Entertainment,AMC Theaters,debit
2025-08-07,-78.12,Groceries,Costco,debit
2025-08-08,-134.56,Dining,Five Guys,debit
2025-08-08,-89.23,Insurance,Liberty Mutual,debit
2025-08-09,-112.45,Healthcare,Walgreens,debit
2025-08-09,-56.78,Transportation,EV Charging Co,debit
2025-08-10,-167.34,Groceries,Safeway,debit
2025-08-10,475.00,Investment,REIT Distribution,credit
2025-08-11,-89.12,Dining,Olive Garden,debit
2025-08-11,-234.56,Shopping,Walmart,debit
2025-08-12,-78.45,Utilities,Waste Management,debit
2025-08-12,-134.67,Insurance,State Farm,debit
2025-08-13,-56.23,Groceries,Kroger,debit
2025-08-13,-112.34,Healthcare,Kaiser Permanente,debit
2025-08-14,-89.78,Dining,Panera Bread,debit
2025-08-14,-23.45,Subscriptions,NYT Digital,debit
2025-08-15,4750.00,Salary,Employer Direct Deposit,credit
2025-08-15,-145.56,Shopping,Home Depot,debit
2025-08-16,-67.89,Transportation,Uber,debit
2025-08-16,-78.12,Groceries,Aldi,debit
2025-08-17,-134.56,Dining,Chick-fil-A,debit
2025-08-17,-89.34,Entertainment,PlayStation Store,debit
2025-08-18,-112.78,Shopping,IKEA,debit
2025-08-18,-56.45,Healthcare,Quest Diagnostics,debit
2025-08-19,-167.23,Groceries,Publix,debit
2025-08-19,325.00,Refund,Insurance Reimbursement,credit
2025-08-20,-78.90,Utilities,Pacific Gas & Electric,debit
2025-08-20,-134.12,Insurance,Geico,debit
2025-09-01,-89.56,Groceries,Trader Joe's,debit
2025-09-01,5200.00,Salary,Payroll Services Inc,credit
2025-09-02,-112.34,Shopping,Nordstrom,debit
2025-09-02,-56.78,Dining,Subway,debit
2025-09-03,-167.45,Insurance,Progressive,debit
2025-09-03,-78.23,Transportation,Shell Gas,debit
2025-09-04,-134.56,Groceries,Whole Foods,debit
2025-09-04,-89.12,Healthcare,CVS Pharmacy,debit
2025-09-05,-234.78,Shopping,Amazon,debit
2025-09-05,-45.67,Entertainment,Netflix,debit
2025-09-06,-112.34,Dining,Chipotle,debit
2025-09-06,1750.00,Freelance,Contract Work,credit
2025-09-07,-78.56,Groceries,Costco,debit
2025-09-07,-134.23,Utilities,Comcast Internet,debit
2025-09-08,-89.45,Dining,Starbucks,debit
2025-09-08,-167.12,Insurance,Allstate,debit
2025-09-09,-56.78,Healthcare,Walgreens,debit
2025-09-09,-112.34,Transportation,Lyft,debit
2025-09-10,-145.67,Groceries,Safeway,debit
2025-09-10,600.00,Investment,Dividend Payment,credit
2025-09-11,-89.23,Dining,Five Guys,debit
2025-09-11,-234.56,Shopping,Target,debit
2025-09-12,-78.12,Utilities,City Water,debit
2025-09-12,-134.45,Insurance,Liberty Mutual,debit
2025-09-13,-67.89,Groceries,Kroger,debit
2025-09-13,-112.56,Healthcare,Anthem Insurance,debit
2025-09-14,-89.34,Entertainment,Spotify,debit
2025-09-14,-56.78,Dining,Olive Garden,debit
2025-09-15,4750.00,Salary,Employer Direct Deposit,credit
2025-09-15,-178.23,Shopping,IKEA,debit
2025-09-16,-134.56,Groceries,Aldi,debit
2025-09-16,-45.12,Transportation,Chevron,debit
2025-09-17,-89.78,Dining,Panera Bread,debit
2025-09-17,-234.12,Healthcare,CVS Pharmacy,debit
2025-09-18,-112.45,Shopping,Best Buy,debit
2025-09-18,-78.34,Utilities,AT&T Wireless,debit
2025-09-19,-56.67,Groceries,Publix,debit
2025-09-19,1200.00,Freelance,Upwork Transfer,credit
2025-09-20,-167.89,Insurance,State Farm,debit
2025-09-20,-89.12,Dining,Chick-fil-A,debit
2025-10-01,-134.56,Groceries,Trader Joe's,debit
2025-10-01,5200.00,Salary,Payroll Services Inc,credit
2025-10-02,-78.23,Shopping,Walmart,debit
2025-10-02,-112.45,Dining,Subway,debit
2025-10-03,-89.67,Insurance,Geico,debit
2025-10-03,-56.34,Transportation,Uber,debit
2025-10-04,-167.78,Groceries,Whole Foods,debit
2025-10-04,-234.56,Healthcare,Kaiser Permanente,debit
2025-10-05,-78.12,Entertainment,AMC Theaters,debit
2025-10-05,-112.34,Utilities,Verizon,debit
2025-10-06,-145.56,Shopping,Home Depot,debit
2025-10-06,850.00,Freelance,Client Payment,credit
2025-10-07,-89.23,Dining,Chipotle,debit
2025-10-07,-134.67,Groceries,Costco,debit
2025-10-08,-56.78,Transportation,Shell Gas,debit
2025-10-08,-167.12,Insurance,Progressive,debit
2025-10-09,-78.45,Healthcare,CVS Pharmacy,debit
2025-10-09,-112.34,Dining,Starbucks,debit
2025-10-10,-234.56,Shopping,IKEA,debit
2025-10-10,525.00,Investment,Capital Gains,credit
2025-10-11,-89.12,Groceries,Safeway,debit
2025-10-11,-145.34,Utilities,Waste Management,debit
2025-10-12,-67.78,Dining,Five Guys,debit
2025-10-12,-134.56,Insurance,Allstate,debit
2025-10-13,-78.23,Entertainment,Steam,debit
2025-10-13,-112.45,Healthcare,Walgreens,debit
2025-10-14,-56.89,Groceries,Kroger,debit
2025-10-14,-34.56,Subscriptions,Dropbox,debit
2025-10-15,4750.00,Salary,Employer Direct Deposit,credit
2025-10-15,-167.34,Shopping,Nordstrom,debit
2025-10-16,-89.12,Dining,Panera Bread,debit
2025-10-16,-78.56,Transportation,Lyft,debit
2025-10-17,-134.23,Groceries,Aldi,debit
2025-10-17,-112.67,Healthcare,Quest Diagnostics,debit
2025-10-18,-56.78,Shopping,Target,debit
2025-10-18,-89.34,Utilities,Pacific Gas & Electric,debit
2025-10-19,-145.12,Dining,Olive Garden,debit
2025-10-19,275.00,Refund,Amazon Refund,credit
2025-10-20,-234.56,Insurance,Liberty Mutual,debit
2025-10-20,-78.45,Groceries,Publix,debit
2025-11-01,-112.34,Groceries,Trader Joe's,debit
2025-11-01,5200.00,Salary,Payroll Services Inc,credit
2025-11-02,-89.56,Dining,Chick-fil-A,debit
2025-11-02,-134.78,Shopping,Amazon,debit
2025-11-03,-78.12,Transportation,BP Station,debit
2025-11-03,-167.45,Insurance,State Farm,debit
2025-11-04,-56.89,Groceries,Whole Foods,debit
2025-11-04,-234.12,Healthcare,CVS Pharmacy,debit
2025-11-05,-112.34,Dining,Subway,debit
2025-11-05,-89.67,Utilities,Comcast Internet,debit
2025-11-06,-145.23,Shopping,Best Buy,debit
2025-11-06,1600.00,Freelance,Consulting Fee,credit
2025-11-07,-78.45,Entertainment,Ticketmaster,debit
2025-11-07,-134.56,Groceries,Costco,debit
2025-11-08,-67.23,Dining,Chipotle,debit
2025-11-08,-112.89,Insurance,Geico,debit
2025-11-09,-89.34,Healthcare,Walgreens,debit
2025-11-09,-56.78,Transportation,EV Charging Co,debit
2025-11-10,-167.45,Groceries,Safeway,debit
2025-11-10,700.00,Investment,Bond Interest,credit
2025-11-11,-78.12,Dining,Starbucks,debit
2025-11-11,-234.56,Shopping,Walmart,debit
2025-11-12,-134.23,Utilities,City Water,debit
2025-11-12,-89.67,Insurance,Progressive,debit
2025-11-13,-56.45,Groceries,Kroger,debit
2025-11-13,-112.34,Healthcare,Kaiser Permanente,debit
2025-11-14,-145.78,Dining,Five Guys,debit
2025-11-14,-23.45,Subscriptions,Adobe Creative,debit
2025-11-15,4750.00,Salary,Employer Direct Deposit,credit
2025-11-15,-78.90,Shopping,Home Depot,debit
2025-11-16,-89.12,Transportation,Metro Transit,debit
2025-11-16,-134.56,Groceries,Aldi,debit
2025-11-17,-167.23,Dining,Panera Bread,debit
2025-11-17,-56.78,Entertainment,Netflix,debit
2025-11-18,-112.45,Shopping,IKEA,debit
2025-11-18,-89.34,Healthcare,Anthem Insurance,debit
2025-11-19,-234.56,Insurance,Allstate,debit
2025-11-19,1350.00,Freelance,Upwork Transfer,credit
2025-11-20,-78.12,Groceries,Publix,debit
2025-11-20,-145.67,Utilities,AT&T Wireless,debit
2025-12-01,-89.23,Groceries,Trader Joe's,debit
2025-12-01,5200.00,Salary,Payroll Services Inc,credit
2025-12-02,-134.56,Shopping,Nordstrom,debit
2025-12-02,-56.78,Dining,Olive Garden,debit
2025-12-03,-167.12,Insurance,Liberty Mutual,debit
2025-12-03,-78.45,Transportation,Shell Gas,debit
2025-12-04,-112.34,Groceries,Whole Foods,debit
2025-12-04,-234.56,Healthcare,CVS Pharmacy,debit
2025-12-05,-89.67,Dining,Chipotle,debit
2025-12-05,-145.23,Utilities,Verizon,debit
2025-12-06,-56.78,Shopping,Target,debit
2025-12-06,1100.00,Freelance,Contract Work,credit
2025-12-07,-134.12,Entertainment,Spotify,debit
2025-12-07,-78.90,Groceries,Costco,debit
2025-12-08,-112.45,Dining,Five Guys,debit
2025-12-08,-89.23,Insurance,State Farm,debit
2025-12-09,-167.56,Healthcare,Walgreens,debit
2025-12-09,-56.34,Transportation,Uber,debit
2025-12-10,-145.78,Groceries,Safeway,debit
2025-12-10,425.00,Investment,REIT Distribution,credit
2025-12-11,-78.12,Dining,Starbucks,debit
2025-12-11,-234.56,Shopping,Amazon,debit
2025-12-12,-112.34,Utilities,Waste Management,debit
2025-12-12,-89.45,Insurance,Geico,debit
2025-12-13,-134.67,Groceries,Kroger,debit
2025-12-13,-56.78,Healthcare,Kaiser Permanente,debit
2025-12-14,-78.23,Dining,Panera Bread,debit
2025-12-14,-167.89,Shopping,Home Depot,debit
2025-12-15,4750.00,Salary,Employer Direct Deposit,credit
2025-12-15,-89.12,Entertainment,AMC Theaters,debit
2025-12-16,-134.45,Groceries,Aldi,debit
2025-12-16,-45.67,Transportation,Lyft,debit
2025-12-17,-112.78,Dining,Chick-fil-A,debit
2025-12-17,-78.90,Shopping,IKEA,debit
2025-12-18,-234.56,Insurance,Progressive,debit
2025-12-18,-56.12,Healthcare,Quest Diagnostics,debit
2025-12-19,-145.34,Groceries,Publix,debit
2025-12-19,300.00,Refund,Store Credit Return,credit
2025-12-20,-89.67,Utilities,Pacific Gas & Electric,debit
2025-12-20,-112.34,Dining,Subway,debit
2025-12-21,-78.45,Shopping,Walmart,debit
2025-12-21,-134.56,Insurance,Allstate,debit
2025-12-22,-56.78,Groceries,Trader Joe's,debit
2025-12-22,-89.12,Healthcare,CVS Pharmacy,debit
2025-12-23,-167.34,Dining,Olive Garden,debit
2025-12-23,-234.56,Shopping,Best Buy,debit
2025-12-24,-78.90,Transportation,Chevron,debit
2025-12-24,1800.00,Freelance,Client Payment,credit
2025-12-25,-112.34,Groceries,Whole Foods,debit
2025-12-25,-145.67,Utilities,Comcast Internet,debit
2025-12-26,-89.23,Entertainment,PlayStation Store,debit
2025-12-26,-56.78,Dining,Starbucks,debit
2025-12-27,-134.12,Shopping,Nordstrom,debit
2025-12-27,-78.45,Healthcare,Walgreens,debit
2025-12-28,-167.89,Insurance,Liberty Mutual,debit
2025-12-28,-34.56,Subscriptions,Microsoft 365,debit
2025-12-29,-89.12,Groceries,Safeway,debit
2025-12-29,950.00,Investment,Capital Gains,credit
2025-12-30,-112.34,Dining,Five Guys,debit
2025-12-30,-234.56,Shopping,Amazon,debit
2025-12-31,-78.90,Groceries,Costco,debit
2025-12-31,-56.78,Utilities,City Water,debit
2025-01-02,-123.45,Groceries,Whole Foods,debit
2025-01-02,-67.89,Dining,Olive Garden,debit
2025-01-03,-89.12,Shopping,Target,debit
2025-01-03,3800.00,Salary,Employer Direct Deposit,credit
2025-01-04,-145.67,Insurance,State Farm,debit
2025-01-04,-56.78,Transportation,Shell Gas,debit
2025-01-05,-78.90,Groceries,Safeway,debit
2025-01-05,-234.56,Healthcare,Kaiser Permanente,debit
2025-01-06,-34.56,Entertainment,Netflix,debit
2025-01-06,-112.34,Utilities,Pacific Gas & Electric,debit
2025-01-07,-89.23,Dining,Chipotle,debit
2025-01-07,1450.00,Freelance,Client Payment,credit
2025-01-08,-134.56,Groceries,Kroger,debit
2025-01-08,-56.78,Shopping,Amazon,debit
2025-01-09,-167.89,Healthcare,CVS Pharmacy,debit
2025-01-09,-78.45,Transportation,Uber,debit
2025-01-10,-89.12,Dining,Starbucks,debit
2025-01-10,-112.34,Insurance,Geico,debit
2025-01-11,-45.67,Subscriptions,Dropbox,debit
2025-01-11,-234.56,Shopping,Best Buy,debit
2025-01-12,-78.90,Groceries,Aldi,debit
2025-01-12,625.00,Investment,Dividend Payment,credit
2025-01-13,-134.56,Dining,Panera Bread,debit
2025-01-13,-89.23,Utilities,Comcast Internet,debit
2025-01-14,-56.78,Entertainment,Spotify,debit
2025-01-14,-167.89,Shopping,Nordstrom,debit
2025-01-15,3800.00,Salary,Payroll Services Inc,credit
2025-01-15,-112.34,Groceries,Publix,debit
2025-01-16,-78.90,Healthcare,Walgreens,debit
2025-01-16,-89.12,Dining,Five Guys,debit
2025-01-17,-234.56,Insurance,Progressive,debit
2025-01-17,-45.67,Transportation,Lyft,debit
2025-01-18,-134.56,Groceries,Trader Joe's,debit
2025-01-18,-56.78,Shopping,Walmart,debit
2025-01-19,-89.12,Healthcare,Quest Diagnostics,debit
2025-01-19,-112.34,Utilities,City Water,debit
2025-01-20,-67.89,Dining,Subway,debit
2025-01-20,275.00,Refund,Amazon Refund,credit
2025-02-02,-145.67,Groceries,Costco,debit
2025-02-02,-78.90,Shopping,Home Depot,debit
2025-02-03,-89.12,Dining,Chick-fil-A,debit
2025-02-03,3800.00,Salary,Employer Direct Deposit,credit
2025-02-04,-112.34,Insurance,Allstate,debit
2025-02-04,-56.78,Transportation,EV Charging Co,debit
2025-02-05,-234.56,Groceries,Whole Foods,debit
2025-02-05,-134.56,Healthcare,CVS Pharmacy,debit
2025-02-06,-67.89,Entertainment,AMC Theaters,debit
2025-02-06,-89.12,Dining,Olive Garden,debit
2025-02-07,-78.45,Utilities,AT&T Wireless,debit
2025-02-07,1100.00,Freelance,Upwork Transfer,credit
2025-02-08,-145.67,Groceries,Safeway,debit
2025-02-08,-56.78,Shopping,IKEA,debit
2025-02-09,-112.34,Healthcare,Walgreens,debit
2025-02-09,-89.12,Transportation,Metro Transit,debit
2025-02-10,-134.56,Dining,Starbucks,debit
2025-02-10,-234.56,Insurance,Liberty Mutual,debit
2025-02-11,-78.90,Groceries,Kroger,debit
2025-02-11,-23.45,Subscriptions,NYT Digital,debit
2025-02-12,-89.12,Shopping,Target,debit
2025-02-12,450.00,Investment,Capital Gains,credit
2025-02-13,-167.89,Dining,Panera Bread,debit
2025-02-13,-112.34,Utilities,Verizon,debit
2025-02-14,-56.78,Entertainment,Steam,debit
2025-02-14,-134.56,Healthcare,Anthem Insurance,debit
2025-02-15,3800.00,Salary,Payroll Services Inc,credit
2025-02-15,-89.12,Groceries,Aldi,debit
2025-02-16,-78.45,Shopping,Amazon,debit
2025-02-16,-145.67,Insurance,State Farm,debit
2025-02-17,-112.34,Dining,Chipotle,debit
2025-02-17,-56.78,Transportation,Chevron,debit
2025-02-18,-234.56,Groceries,Publix,debit
2025-02-18,-67.89,Healthcare,Kaiser Permanente,debit
2025-02-19,-89.12,Utilities,Waste Management,debit
2025-02-19,175.00,Refund,Store Credit Return,credit
2025-02-20,-134.56,Dining,Five Guys,debit
2025-02-20,-78.90,Shopping,Best Buy,debit
2025-03-02,-112.34,Groceries,Trader Joe's,debit
2025-03-02,-89.12,Dining,Subway,debit
2025-03-03,3800.00,Salary,Employer Direct Deposit,credit
2025-03-03,-167.45,Shopping,Walmart,debit
2025-03-04,-56.78,Insurance,Geico,debit
2025-03-04,-234.56,Healthcare,CVS Pharmacy,debit
2025-03-05,-78.90,Transportation,Shell Gas,debit
2025-03-05,-134.56,Groceries,Costco,debit
2025-03-06,-89.12,Entertainment,Ticketmaster,debit
2025-03-06,-112.34,Utilities,Pacific Gas & Electric,debit
2025-03-07,-45.67,Dining,Chipotle,debit
2025-03-07,850.00,Freelance,Contract Work,credit
2025-03-08,-167.89,Shopping,Nordstrom,debit
2025-03-08,-78.45,Groceries,Whole Foods,debit
2025-03-09,-134.56,Healthcare,Walgreens,debit
2025-03-09,-56.78,Transportation,Lyft,debit
2025-03-10,-89.12,Dining,Olive Garden,debit
2025-03-10,-112.34,Insurance,Progressive,debit
2025-03-11,-234.56,Shopping,Home Depot,debit
2025-03-11,-78.90,Groceries,Safeway,debit
2025-03-12,-145.67,Utilities,Comcast Internet,debit
2025-03-12,375.00,Investment,Bond Interest,credit
2025-03-13,-89.12,Dining,Starbucks,debit
2025-03-13,-56.78,Entertainment,Spotify,debit
2025-03-14,-134.56,Healthcare,Kaiser Permanente,debit
2025-03-14,-167.89,Shopping,IKEA,debit
2025-03-15,3800.00,Salary,Payroll Services Inc,credit
2025-03-15,-78.90,Groceries,Kroger,debit
2025-03-16,-112.34,Insurance,Allstate,debit
2025-03-16,-89.12,Dining,Five Guys,debit
2025-03-17,-234.56,Shopping,Amazon,debit
2025-03-17,-45.67,Transportation,Uber,debit
2025-03-18,-134.56,Groceries,Aldi,debit
2025-03-18,-56.78,Healthcare,CVS Pharmacy,debit
2025-03-19,-167.89,Utilities,City Water,debit
2025-03-19,200.00,Refund,Insurance Reimbursement,credit
2025-03-20,-89.12,Dining,Panera Bread,debit
2025-03-20,-78.45,Shopping,Target,debit
2025-04-02,-112.34,Groceries,Publix,debit
2025-04-02,-134.56,Dining,Chick-fil-A,debit
2025-04-03,3800.00,Salary,Employer Direct Deposit,credit
2025-04-03,-89.12,Insurance,Liberty Mutual,debit
2025-04-04,-167.89,Shopping,Best Buy,debit
2025-04-04,-56.78,Transportation,BP Station,debit
2025-04-05,-234.56,Groceries,Trader Joe's,debit
2025-04-05,-78.90,Healthcare,Walgreens,debit
2025-04-06,-112.34,Dining,Subway,debit
2025-04-06,-89.12,Utilities,Verizon,debit
2025-04-07,-134.56,Entertainment,AMC Theaters,debit
2025-04-07,1250.00,Freelance,Consulting Fee,credit
2025-04-08,-56.78,Shopping,Walmart,debit
2025-04-08,-167.89,Groceries,Whole Foods,debit
2025-04-09,-78.45,Healthcare,Quest Diagnostics,debit
2025-04-09,-89.12,Dining,Chipotle,debit
2025-04-10,-112.34,Insurance,State Farm,debit
2025-04-10,-234.56,Shopping,Nordstrom,debit
2025-04-11,-45.67,Subscriptions,LinkedIn Premium,debit
2025-04-11,-134.56,Groceries,Costco,debit
2025-04-12,-78.90,Transportation,EV Charging Co,debit
2025-04-12,550.00,Investment,REIT Distribution,credit
2025-04-13,-89.12,Dining,Starbucks,debit
2025-04-13,-112.34,Utilities,Waste Management,debit
2025-04-14,-56.78,Entertainment,PlayStation Store,debit
2025-04-14,-167.89,Healthcare,CVS Pharmacy,debit
2025-04-15,3800.00,Salary,Payroll Services Inc,credit
2025-04-15,-134.56,Groceries,Safeway,debit
2025-04-16,-78.90,Insurance,Geico,debit
2025-04-16,-89.12,Dining,Five Guys,debit
2025-04-17,-234.56,Shopping,Amazon,debit
2025-04-17,-56.78,Transportation,Shell Gas,debit
2025-04-18,-112.34,Groceries,Kroger,debit
2025-04-18,-145.67,Healthcare,Kaiser Permanente,debit
2025-04-19,-67.89,Utilities,Pacific Gas & Electric,debit
2025-04-19,300.00,Refund,Amazon Refund,credit
2025-04-20,-89.12,Dining,Olive Garden,debit
2025-04-20,-78.45,Shopping,Home Depot,debit
2025-05-02,-134.56,Groceries,Aldi,debit
2025-05-02,-112.34,Insurance,Allstate,debit
2025-05-03,3800.00,Salary,Employer Direct Deposit,credit
2025-05-03,-56.78,Dining,Panera Bread,debit
2025-05-04,-167.89,Shopping,IKEA,debit
2025-05-04,-89.12,Transportation,Lyft,debit
2025-05-05,-78.45,Groceries,Publix,debit
2025-05-05,-234.56,Healthcare,Anthem Insurance,debit
2025-05-06,-134.56,Dining,Chick-fil-A,debit
2025-05-06,-45.67,Entertainment,Netflix,debit
2025-05-07,-112.34,Utilities,AT&T Wireless,debit
2025-05-07,1550.00,Freelance,Upwork Transfer,credit
2025-05-08,-89.12,Shopping,Target,debit
2025-05-08,-78.90,Groceries,Trader Joe's,debit
2025-05-09,-56.78,Healthcare,CVS Pharmacy,debit
2025-05-09,-167.89,Insurance,Progressive,debit
2025-05-10,-134.56,Dining,Subway,debit
2025-05-10,-112.34,Transportation,Uber,debit
2025-05-11,-89.12,Groceries,Whole Foods,debit
2025-05-11,-23.45,Subscriptions,Adobe Creative,debit
2025-05-12,-78.45,Shopping,Best Buy,debit
2025-05-12,475.00,Investment,Dividend Payment,credit
2025-05-13,-234.56,Dining,Olive Garden,debit
2025-05-13,-56.78,Utilities,Comcast Internet,debit
2025-05-14,-145.67,Healthcare,Walgreens,debit
2025-05-14,-89.12,Entertainment,Spotify,debit
2025-05-15,3800.00,Salary,Payroll Services Inc,credit
2025-05-15,-134.56,Groceries,Costco,debit
2025-05-16,-78.90,Insurance,Liberty Mutual,debit
2025-05-16,-112.34,Dining,Chipotle,debit
2025-05-17,-167.89,Shopping,Walmart,debit
2025-05-17,-56.78,Transportation,Metro Transit,debit
2025-05-18,-89.12,Groceries,Safeway,debit
2025-05-18,-234.56,Healthcare,Kaiser Permanente,debit
2025-05-19,-78.45,Utilities,City Water,debit
2025-05-19,225.00,Refund,Store Credit Return,credit
2025-05-20,-134.56,Dining,Starbucks,debit
2025-05-20,-112.34,Shopping,Nordstrom,debit
2025-06-02,-89.12,Groceries,Kroger,debit
2025-06-02,-56.78,Insurance,State Farm,debit
2025-06-03,3800.00,Salary,Employer Direct Deposit,credit
2025-06-03,-145.67,Dining,Five Guys,debit
2025-06-04,-78.90,Shopping,Home Depot,debit
2025-06-04,-234.56,Healthcare,CVS Pharmacy,debit
2025-06-05,-112.34,Transportation,Shell Gas,debit
2025-06-05,-89.12,Groceries,Aldi,debit
2025-06-06,-167.89,Entertainment,AMC Theaters,debit
2025-06-06,-56.78,Utilities,Verizon,debit
2025-06-07,-134.56,Dining,Panera Bread,debit
2025-06-07,925.00,Freelance,Contract Work,credit
2025-06-08,-78.45,Shopping,IKEA,debit
2025-06-08,-89.12,Groceries,Publix,debit
2025-06-09,-112.34,Healthcare,Walgreens,debit
2025-06-09,-234.56,Insurance,Geico,debit
2025-06-10,-56.78,Dining,Chick-fil-A,debit
2025-06-10,-145.67,Transportation,Lyft,debit
2025-06-11,-78.90,Groceries,Trader Joe's,debit
2025-06-11,-34.56,Subscriptions,Microsoft 365,debit
2025-06-12,-89.12,Shopping,Amazon,debit
2025-06-12,750.00,Investment,Capital Gains,credit
2025-06-13,-134.56,Dining,Subway,debit
2025-06-13,-167.89,Utilities,Waste Management,debit
2025-06-14,-112.34,Healthcare,Quest Diagnostics,debit
2025-06-14,-56.78,Entertainment,Steam,debit
2025-06-15,3800.00,Salary,Payroll Services Inc,credit
2025-06-15,-89.12,Groceries,Whole Foods,debit
2025-06-16,-78.45,Insurance,Progressive,debit
2025-06-16,-234.56,Dining,Olive Garden,debit
2025-06-17,-134.56,Shopping,Target,debit
2025-06-17,-112.34,Transportation,Uber,debit
2025-06-18,-56.78,Groceries,Costco,debit
2025-06-18,-167.89,Healthcare,Anthem Insurance,debit
2025-06-19,-89.12,Utilities,Pacific Gas & Electric,debit
2025-06-19,150.00,Refund,Insurance Reimbursement,credit
2025-06-20,-78.45,Dining,Starbucks,debit
2025-06-20,-145.67,Shopping,Best Buy,debit
2025-07-02,-112.34,Groceries,Safeway,debit
2025-07-02,-89.23,Dining,Panera Bread,debit
2025-07-03,3800.00,Salary,Employer Direct Deposit,credit
2025-07-03,-167.45,Insurance,Allstate,debit
2025-07-04,-56.78,Shopping,Walmart,debit
2025-07-04,-134.56,Transportation,Chevron,debit
2025-07-05,-78.90,Groceries,Kroger,debit
2025-07-05,-234.56,Healthcare,CVS Pharmacy,debit
2025-07-06,-89.12,Dining,Chipotle,debit
2025-07-06,-112.34,Utilities,Comcast Internet,debit
2025-07-07,-45.67,Entertainment,Netflix,debit
2025-07-07,1350.00,Freelance,Client Payment,credit
2025-07-08,-134.56,Shopping,Nordstrom,debit
2025-07-08,-78.45,Groceries,Aldi,debit
2025-07-09,-167.89,Healthcare,Walgreens,debit
2025-07-09,-56.78,Dining,Subway,debit
2025-07-10,-89.12,Insurance,Liberty Mutual,debit
2025-07-10,-112.34,Transportation,Shell Gas,debit
2025-07-11,-234.56,Shopping,IKEA,debit
2025-07-11,-78.90,Groceries,Publix,debit
2025-07-12,-134.56,Utilities,AT&T Wireless,debit
2025-07-12,525.00,Investment,Bond Interest,credit
2025-07-13,-89.12,Dining,Five Guys,debit
2025-07-13,-56.78,Entertainment,Spotify,debit
2025-07-14,-167.89,Healthcare,Kaiser Permanente,debit
2025-07-14,-112.34,Shopping,Amazon,debit
2025-07-15,3800.00,Salary,Payroll Services Inc,credit
2025-07-15,-78.90,Groceries,Trader Joe's,debit
2025-07-16,-134.56,Insurance,State Farm,debit
2025-07-16,-89.12,Dining,Olive Garden,debit
2025-07-17,-234.56,Shopping,Best Buy,debit
2025-07-17,-56.78,Transportation,Uber,debit
2025-07-18,-112.34,Groceries,Whole Foods,debit
2025-07-18,-145.67,Healthcare,CVS Pharmacy,debit
2025-07-19,-78.90,Utilities,Verizon,debit
2025-07-19,200.00,Refund,Store Credit Return,credit
2025-07-20,-89.12,Dining,Chick-fil-A,debit
2025-07-20,-167.89,Shopping,Target,debit
2025-08-02,-134.56,Groceries,Costco,debit
2025-08-02,-56.78,Insurance,Geico,debit
2025-08-03,3800.00,Salary,Employer Direct Deposit,credit
2025-08-03,-112.34,Dining,Starbucks,debit
2025-08-04,-89.23,Shopping,Home Depot,debit
2025-08-04,-234.56,Healthcare,Walgreens,debit
2025-08-05,-78.90,Transportation,Lyft,debit
2025-08-05,-167.89,Groceries,Safeway,debit
2025-08-06,-112.34,Dining,Panera Bread,debit
2025-08-06,-45.67,Entertainment,AMC Theaters,debit
2025-08-07,-134.56,Utilities,City Water,debit
2025-08-07,1100.00,Freelance,Upwork Transfer,credit
2025-08-08,-89.12,Shopping,IKEA,debit
2025-08-08,-56.78,Groceries,Kroger,debit
2025-08-09,-167.45,Healthcare,Quest Diagnostics,debit
2025-08-09,-78.12,Insurance,Progressive,debit
2025-08-10,-234.56,Dining,Olive Garden,debit
2025-08-10,-112.34,Transportation,EV Charging Co,debit
2025-08-11,-89.12,Groceries,Aldi,debit
2025-08-11,-23.45,Subscriptions,Dropbox,debit
2025-08-12,-134.56,Shopping,Walmart,debit
2025-08-12,650.00,Investment,REIT Distribution,credit
2025-08-13,-78.90,Dining,Chipotle,debit
2025-08-13,-56.78,Utilities,Waste Management,debit
2025-08-14,-167.89,Healthcare,Anthem Insurance,debit
2025-08-14,-89.12,Entertainment,PlayStation Store,debit
2025-08-15,3800.00,Salary,Payroll Services Inc,credit
2025-08-15,-112.34,Groceries,Publix,debit
2025-08-16,-134.56,Insurance,Allstate,debit
2025-08-16,-78.45,Dining,Five Guys,debit
2025-08-17,-234.56,Shopping,Nordstrom,debit
2025-08-17,-56.78,Transportation,Metro Transit,debit
2025-08-18,-89.12,Groceries,Trader Joe's,debit
2025-08-18,-167.89,Healthcare,CVS Pharmacy,debit
2025-08-19,-112.34,Utilities,Pacific Gas & Electric,debit
2025-08-19,325.00,Refund,Amazon Refund,credit
2025-08-20,-78.90,Dining,Subway,debit
2025-08-20,-145.67,Shopping,Amazon,debit
2025-09-02,-134.56,Groceries,Whole Foods,debit
2025-09-02,-89.12,Insurance,Liberty Mutual,debit
2025-09-03,3800.00,Salary,Employer Direct Deposit,credit
2025-09-03,-56.78,Dining,Chick-fil-A,debit
2025-09-04,-167.89,Shopping,Best Buy,debit
2025-09-04,-112.34,Healthcare,Walgreens,debit
2025-09-05,-78.45,Transportation,Shell Gas,debit
2025-09-05,-234.56,Groceries,Costco,debit
2025-09-06,-89.12,Entertainment,Steam,debit
2025-09-06,-134.56,Utilities,Comcast Internet,debit
2025-09-07,-56.78,Dining,Starbucks,debit
2025-09-07,1500.00,Freelance,Contract Work,credit
2025-09-08,-112.34,Shopping,Target,debit
2025-09-08,-78.90,Groceries,Safeway,debit
2025-09-09,-167.89,Healthcare,Kaiser Permanente,debit
2025-09-09,-89.12,Insurance,State Farm,debit
2025-09-10,-234.56,Dining,Panera Bread,debit
2025-09-10,-45.67,Transportation,Uber,debit
2025-09-11,-134.56,Groceries,Kroger,debit
2025-09-11,-78.90,Subscriptions,NYT Digital,debit
2025-09-12,-56.78,Shopping,Walmart,debit
2025-09-12,400.00,Investment,Dividend Payment,credit
2025-09-13,-89.12,Dining,Olive Garden,debit
2025-09-13,-112.34,Utilities,AT&T Wireless,debit
2025-09-14,-167.89,Healthcare,CVS Pharmacy,debit
2025-09-14,-134.56,Entertainment,Ticketmaster,debit
2025-09-15,3800.00,Salary,Payroll Services Inc,credit
2025-09-15,-78.90,Groceries,Aldi,debit
2025-09-16,-234.56,Insurance,Geico,debit
2025-09-16,-89.12,Dining,Five Guys,debit
2025-09-17,-56.78,Shopping,Home Depot,debit
2025-09-17,-112.34,Transportation,Lyft,debit
2025-09-18,-134.56,Groceries,Publix,debit
2025-09-18,-167.89,Healthcare,Walgreens,debit
2025-09-19,-78.90,Utilities,Verizon,debit
2025-09-19,275.00,Refund,Insurance Reimbursement,credit
2025-09-20,-89.12,Dining,Subway,debit
2025-09-20,-145.67,Shopping,IKEA,debit
2025-10-02,-112.34,Groceries,Trader Joe's,debit
2025-10-02,-56.78,Insurance,Progressive,debit
2025-10-03,3800.00,Salary,Employer Direct Deposit,credit
2025-10-03,-89.12,Dining,Chipotle,debit
2025-10-04,-234.56,Shopping,Nordstrom,debit
2025-10-04,-78.45,Healthcare,Kaiser Permanente,debit
2025-10-05,-167.89,Transportation,EV Charging Co,debit
2025-10-05,-134.56,Groceries,Whole Foods,debit
2025-10-06,-56.78,Entertainment,Netflix,debit
2025-10-06,-89.12,Utilities,City Water,debit
2025-10-07,-112.34,Dining,Starbucks,debit
2025-10-07,950.00,Freelance,Consulting Fee,credit
2025-10-08,-78.90,Shopping,Amazon,debit
2025-10-08,-234.56,Insurance,Allstate,debit
2025-10-09,-134.56,Groceries,Costco,debit
2025-10-09,-89.12,Healthcare,CVS Pharmacy,debit
2025-10-10,-167.89,Dining,Five Guys,debit
2025-10-10,-56.78,Transportation,Shell Gas,debit
2025-10-11,-112.34,Groceries,Safeway,debit
2025-10-11,-78.90,Subscriptions,Adobe Creative,debit
2025-10-12,-234.56,Shopping,Best Buy,debit
2025-10-12,725.00,Investment,Capital Gains,credit
2025-10-13,-89.12,Dining,Panera Bread,debit
2025-10-13,-134.56,Utilities,Waste Management,debit
2025-10-14,-56.78,Healthcare,Walgreens,debit
2025-10-14,-167.89,Entertainment,Spotify,debit
2025-10-15,3800.00,Salary,Payroll Services Inc,credit
2025-10-15,-78.90,Groceries,Kroger,debit
2025-10-16,-112.34,Insurance,Liberty Mutual,debit
2025-10-16,-89.12,Dining,Olive Garden,debit
2025-10-17,-234.56,Shopping,Walmart,debit
2025-10-17,-134.56,Healthcare,Quest Diagnostics,debit
2025-10-18,-56.78,Transportation,Chevron,debit
2025-10-18,-78.90,Groceries,Aldi,debit
2025-10-19,-167.89,Utilities,Pacific Gas & Electric,debit
2025-10-19,150.00,Refund,Store Credit Return,credit
2025-10-20,-89.12,Dining,Chick-fil-A,debit
2025-10-20,-112.34,Shopping,Target,debit
2025-11-02,-134.56,Groceries,Publix,debit
2025-11-02,-78.90,Insurance,State Farm,debit
2025-11-03,3800.00,Salary,Employer Direct Deposit,credit
2025-11-03,-89.12,Dining,Subway,debit
2025-11-04,-234.56,Healthcare,Walgreens,debit
2025-11-04,-56.78,Shopping,Home Depot,debit
2025-11-05,-167.89,Groceries,Trader Joe's,debit
2025-11-05,-112.34,Transportation,Uber,debit
2025-11-06,-78.90,Utilities,Comcast Internet,debit
2025-11-06,-134.56,Dining,Chipotle,debit
2025-11-07,-89.12,Entertainment,Ticketmaster,debit
2025-11-07,1250.00,Freelance,Client Payment,credit
2025-11-08,-56.78,Groceries,Whole Foods,debit
2025-11-08,-234.56,Shopping,IKEA,debit
2025-11-09,-112.34,Healthcare,Kaiser Permanente,debit
2025-11-09,-78.90,Insurance,Geico,debit
2025-11-10,-145.67,Dining,Five Guys,debit
2025-11-10,-89.12,Transportation,Shell Gas,debit
2025-11-11,-167.89,Groceries,Costco,debit
2025-11-11,450.00,Investment,Bond Interest,credit
2025-11-12,-56.78,Shopping,Walmart,debit
2025-11-12,-134.56,Utilities,Verizon,debit
